#
# There is insufficient memory for the Java Runtime Environment to continue.
# Native memory allocation (mmap) failed to map 736100352 bytes for G1 virtual space
# Possible reasons:
#   The system is out of physical RAM or swap space
#   The process is running with CompressedOops enabled, and the Java Heap may be blocking the growth of the native heap
# Possible solutions:
#   Reduce memory load on the system
#   Increase physical memory or swap space
#   Check if swap backing store is full
#   Decrease Java heap size (-Xmx/-Xms)
#   Decrease number of Java threads
#   Decrease Java thread stack sizes (-Xss)
#   Set larger code cache with -XX:ReservedCodeCacheSize=
#   JVM is running with Zero Based Compressed Oops mode in which the Java heap is
#     placed in the first 32GB address space. The Java Heap base address is the
#     maximum limit for the native heap growth. Please use -XX:HeapBaseMinAddress
#     to set the Java Heap base and to place the Java Heap above 32GB virtual address.
# This output file may be truncated or incomplete.
#
#  Out of Memory Error (os_windows.cpp:3604), pid=15912, tid=4740
#
# JRE version: Java(TM) SE Runtime Environment (21.0.11+9) (build 21.0.11+9-LTS-211)
# Java VM: Java HotSpot(TM) 64-Bit Server VM (21.0.11+9-LTS-211, mixed mode, sharing, tiered, compressed oops, compressed class ptrs, g1 gc, windows-amd64)
# No core dump will be written. Minidumps are not enabled by default on client versions of Windows
#

---------------  S U M M A R Y ------------

Command Line: --add-opens=java.base/java.lang=ALL-UNNAMED --add-opens=java.base/java.lang.invoke=ALL-UNNAMED --add-opens=java.base/java.util=ALL-UNNAMED --add-opens=java.prefs/java.util.prefs=ALL-UNNAMED --add-exports=jdk.compiler/com.sun.tools.javac.api=ALL-UNNAMED --add-exports=jdk.compiler/com.sun.tools.javac.util=ALL-UNNAMED --add-opens=java.base/java.util=ALL-UNNAMED --add-opens=java.prefs/java.util.prefs=ALL-UNNAMED --add-opens=java.base/java.nio.charset=ALL-UNNAMED --add-opens=java.base/java.net=ALL-UNNAMED --add-opens=java.base/java.util.concurrent=ALL-UNNAMED --add-opens=java.base/java.util.concurrent.atomic=ALL-UNNAMED --add-opens=java.xml/javax.xml.namespace=ALL-UNNAMED --add-opens=java.base/java.time=ALL-UNNAMED -XX:MaxMetaspaceSize=2G -XX:+HeapDumpOnOutOfMemoryError -Xmx4G -Dfile.encoding=UTF-8 -Duser.country=IN -Duser.language=en -Duser.variant -javaagent:C:\Users\rohit\.gradle\wrapper\dists\gradle-9.1.0-all\7wzd0jkjit61aq2p43wpjgij9\gradle-9.1.0\lib\agents\gradle-instrumentation-agent-9.1.0.jar org.gradle.launcher.daemon.bootstrap.GradleDaemon 9.1.0

Host: AMD Ryzen 3 7320U with Radeon Graphics         , 8 cores, 7G,  Windows 11 , 64 bit Build 26100 (10.0.26100.8875)
Time: Sat Jul 25 16:07:25 2026 India Standard Time elapsed time: 295.469034 seconds (0d 0h 4m 55s)

---------------  T H R E A D  ---------------

Current thread (0x0000023b297e9450):  VMThread "VM Thread"          [id=4740, stack(0x000000476a400000,0x000000476a500000) (1024K)]

Stack: [0x000000476a400000,0x000000476a500000]
Native frames: (J=compiled Java code, j=interpreted, Vv=VM code, C=native code)
V  [jvm.dll+0x6d0ef9]
V  [jvm.dll+0x860126]
V  [jvm.dll+0x86261e]
V  [jvm.dll+0x862cf3]
V  [jvm.dll+0x282bc6]
V  [jvm.dll+0x6cd7a5]
V  [jvm.dll+0x6c232a]
V  [jvm.dll+0x35bfb8]
V  [jvm.dll+0x363c76]
V  [jvm.dll+0x3b4d8e]
V  [jvm.dll+0x3b5038]
V  [jvm.dll+0x32fa6c]
V  [jvm.dll+0x32fafa]
V  [jvm.dll+0x373fc2]
V  [jvm.dll+0x37274d]
V  [jvm.dll+0x32f1b1]
V  [jvm.dll+0x371daa]
V  [jvm.dll+0x8689ef]
V  [jvm.dll+0x869d7c]
V  [jvm.dll+0x86a2b1]
V  [jvm.dll+0x86a553]
V  [jvm.dll+0x80ac0d]
V  [jvm.dll+0x6cf79d]
C  [ucrtbase.dll+0x2cd30]
C  [KERNEL32.DLL+0x2e957]
C  [ntdll.dll+0xaad6c]

VM_Operation (0x00000047747feb30): G1CollectForAllocation, mode: safepoint, requested by thread 0x0000023b7ae83ab0


---------------  P R O C E S S  ---------------

Threads class SMR info:
_java_thread_list=0x0000023b7c71cab0, length=187, elements={
0x0000023b08428e80, 0x0000023b29801b80, 0x0000023b29805310, 0x0000023b29808e30,
0x0000023b2980ad30, 0x0000023b2980e0d0, 0x0000023b2980e740, 0x0000023b29822380,
0x0000023b298245b0, 0x0000023b29baf110, 0x0000023b29c2e9c0, 0x0000023b705e61d0,
0x0000023b70434c30, 0x0000023b70c16480, 0x0000023b706695f0, 0x0000023b7064b120,
0x0000023b7060da80, 0x0000023b70449300, 0x0000023b70449990, 0x0000023b7044a020,
0x0000023b70448c70, 0x0000023b70bab900, 0x0000023b70babf90, 0x0000023b70ba8b10,
0x0000023b70baccb0, 0x0000023b70ba9830, 0x0000023b70ba9ec0, 0x0000023b70bad340,
0x0000023b70bad9d0, 0x0000023b70baa550, 0x0000023b70baed80, 0x0000023b70bafaa0,
0x0000023b70baf410, 0x0000023b73da1600, 0x0000023b73da43f0, 0x0000023b73da1c90,
0x0000023b73da2320, 0x0000023b73da29b0, 0x0000023b73da3d60, 0x0000023b73da36d0,
0x0000023b73da0f70, 0x0000023b720d5250, 0x0000023b720d3180, 0x0000023b720d3810,
0x0000023b720d58e0, 0x0000023b720d3ea0, 0x0000023b720d2460, 0x0000023b720d4530,
0x0000023b720d5f70, 0x0000023b720d2af0, 0x0000023b720d6c90, 0x0000023b720d4bc0,
0x0000023b720d8d60, 0x0000023b720d6600, 0x0000023b720d93f0, 0x0000023b720d86d0,
0x0000023b29d1d5e0, 0x0000023b29d1e300, 0x0000023b29d1dc70, 0x0000023b29d1bba0,
0x0000023b29d1ae80, 0x0000023b29d1e990, 0x0000023b29d1f020, 0x0000023b29d1f6b0,
0x0000023b29d1c230, 0x0000023b29d1c8c0, 0x0000023b29d224a0, 0x0000023b29d203d0,
0x0000023b29d21e10, 0x0000023b29d20a60, 0x0000023b29d21780, 0x0000023b29d210f0,
0x0000023b7463fd70, 0x0000023b7463c8f0, 0x0000023b7463e9c0, 0x0000023b7463cf80,
0x0000023b7463e330, 0x0000023b7463d610, 0x0000023b7463f050, 0x0000023b7463dca0,
0x0000023b7463f6e0, 0x0000023b73be8270, 0x0000023b73be8900, 0x0000023b73be7550,
0x0000023b73be8f90, 0x0000023b73be6830, 0x0000023b73be7be0, 0x0000023b73be5b10,
0x0000023b73be9620, 0x0000023b73be61a0, 0x0000023b73be9cb0, 0x0000023b73be6ec0,
0x0000023b73beb060, 0x0000023b73bebd80, 0x0000023b73bec410, 0x0000023b73bed130,
0x0000023b73bea340, 0x0000023b73beb6f0, 0x0000023b73becaa0, 0x0000023b73bea9d0,
0x0000023b70fdffe0, 0x0000023b70fe0670, 0x0000023b70fe20b0, 0x0000023b70fe4180,
0x0000023b70fe2dd0, 0x0000023b70fe3af0, 0x0000023b70fe3460, 0x0000023b70fe2740,
0x0000023b70fe0d00, 0x0000023b70fe6250, 0x0000023b70fe5530, 0x0000023b7434a350,
0x0000023b7434a9e0, 0x0000023b74346ed0, 0x0000023b7434b700, 0x0000023b7434bd90,
0x0000023b7434c420, 0x0000023b74348fa0, 0x0000023b7434cab0, 0x0000023b7434d140,
0x0000023b7434d7d0, 0x0000023b7434e4f0, 0x0000023b7434de60, 0x0000023b7519daa0,
0x0000023b7519e7c0, 0x0000023b7519cd80, 0x0000023b751a0f20, 0x0000023b751a22d0,
0x0000023b7a6abf40, 0x0000023b757fdf20, 0x0000023b757fe5b0, 0x0000023b75808330,
0x0000023b758089c0, 0x0000023b75806260, 0x0000023b757fec40, 0x0000023b7ae7d840,
0x0000023b7ae7d1b0, 0x0000023b7ae7ebf0, 0x0000023b7ae80630, 0x0000023b7ae80cc0,
0x0000023b7ae81350, 0x0000023b7ae819e0, 0x0000023b7ae82700, 0x0000023b7ae7f280,
0x0000023b7ae7f910, 0x0000023b751a3680, 0x0000023b70fe6f70, 0x0000023b70fe7600,
0x0000023b74348280, 0x0000023b74348910, 0x0000023b7aa07410, 0x0000023b7aa066f0,
0x0000023b7aa06d80, 0x0000023b7aa03f90, 0x0000023b7aa08130, 0x0000023b7aa07aa0,
0x0000023b7aa0bc40, 0x0000023b7ac38db0, 0x0000023b7ac3ae80, 0x0000023b7ac3a160,
0x0000023b7ac424a0, 0x0000023b7ac40a60, 0x0000023b7ac42b30, 0x0000023b7ac431c0,
0x0000023b7ac403d0, 0x0000023b7ac41e10, 0x0000023b7ac410f0, 0x0000023b7ac39ad0,
0x0000023b7ac41780, 0x0000023b7ac3fd40, 0x0000023b7ac43ee0, 0x0000023b7ac44c00,
0x0000023b7ac45fb0, 0x0000023b7ac44570, 0x0000023b7ac45290, 0x0000023b7a6b00e0,
0x0000023b7a6ae6a0, 0x0000023b7ae82070, 0x0000023b7ae85b80, 0x0000023b7ae83ab0,
0x0000023b7ae86210, 0x0000023b7ae868a0, 0x0000023b7ae83420, 0x0000023b7ae8a3b0,
0x0000023b7ae89d20, 0x0000023b7da4fe70, 0x0000023b7da4f7a0
}

Java Threads: ( => current thread )
  0x0000023b08428e80 JavaThread "main"                              [_thread_blocked, id=6004, stack(0x0000004769d00000,0x0000004769e00000) (1024K)]
  0x0000023b29801b80 JavaThread "Reference Handler"          daemon [_thread_blocked, id=31952, stack(0x000000476a500000,0x000000476a600000) (1024K)]
  0x0000023b29805310 JavaThread "Finalizer"                  daemon [_thread_blocked, id=29536, stack(0x000000476a600000,0x000000476a700000) (1024K)]
  0x0000023b29808e30 JavaThread "Signal Dispatcher"          daemon [_thread_blocked, id=20760, stack(0x000000476a700000,0x000000476a800000) (1024K)]
  0x0000023b2980ad30 JavaThread "Attach Listener"            daemon [_thread_blocked, id=9188, stack(0x000000476a800000,0x000000476a900000) (1024K)]
  0x0000023b2980e0d0 JavaThread "Service Thread"             daemon [_thread_blocked, id=27476, stack(0x000000476a900000,0x000000476aa00000) (1024K)]
  0x0000023b2980e740 JavaThread "Monitor Deflation Thread"   daemon [_thread_blocked, id=22352, stack(0x000000476aa00000,0x000000476ab00000) (1024K)]
  0x0000023b29822380 JavaThread "C2 CompilerThread0"         daemon [_thread_blocked, id=2468, stack(0x000000476ab00000,0x000000476ac00000) (1024K)]
  0x0000023b298245b0 JavaThread "C1 CompilerThread0"         daemon [_thread_blocked, id=20312, stack(0x000000476ac00000,0x000000476ad00000) (1024K)]
  0x0000023b29baf110 JavaThread "Common-Cleaner"             daemon [_thread_blocked, id=30544, stack(0x000000476ad00000,0x000000476ae00000) (1024K)]
  0x0000023b29c2e9c0 JavaThread "Notification Thread"        daemon [_thread_blocked, id=14344, stack(0x000000476ae00000,0x000000476af00000) (1024K)]
  0x0000023b705e61d0 JavaThread "Daemon health stats"               [_thread_blocked, id=32464, stack(0x000000476b400000,0x000000476b500000) (1024K)]
  0x0000023b70434c30 JavaThread "Incoming local TCP Connector on port 57486"        [_thread_in_native, id=30960, stack(0x000000476b800000,0x000000476b900000) (1024K)]
  0x0000023b70c16480 JavaThread "Daemon periodic checks"            [_thread_blocked, id=18988, stack(0x000000476b900000,0x000000476ba00000) (1024K)]
  0x0000023b706695f0 JavaThread "Daemon"                            [_thread_blocked, id=5076, stack(0x000000476ba00000,0x000000476bb00000) (1024K)]
  0x0000023b7064b120 JavaThread "Handler for socket connection from /127.0.0.1:57486 to /127.0.0.1:57487"        [_thread_in_native, id=24912, stack(0x000000476bb00000,0x000000476bc00000) (1024K)]
  0x0000023b7060da80 JavaThread "Cancel handler"                    [_thread_blocked, id=24644, stack(0x000000476bc00000,0x000000476bd00000) (1024K)]
  0x0000023b70449300 JavaThread "Daemon worker"                     [_thread_blocked, id=11384, stack(0x000000476bd00000,0x000000476be00000) (1024K)]
  0x0000023b70449990 JavaThread "Asynchronous log dispatcher for DefaultDaemonConnection: socket connection from /127.0.0.1:57486 to /127.0.0.1:57487"        [_thread_blocked, id=14268, stack(0x000000476be00000,0x000000476bf00000) (1024K)]
  0x0000023b7044a020 JavaThread "Stdin handler"                     [_thread_blocked, id=32256, stack(0x000000476bf00000,0x000000476c000000) (1024K)]
  0x0000023b70448c70 JavaThread "Daemon client event forwarder"        [_thread_blocked, id=16472, stack(0x000000476c000000,0x000000476c100000) (1024K)]
  0x0000023b70bab900 JavaThread "Cache worker for journal cache (C:\Users\rohit\.gradle\caches\journal-1)"        [_thread_blocked, id=18384, stack(0x000000476c100000,0x000000476c200000) (1024K)]
  0x0000023b70babf90 JavaThread "File lock request listener"        [_thread_in_native, id=30640, stack(0x000000476c200000,0x000000476c300000) (1024K)]
  0x0000023b70ba8b10 JavaThread "Cache worker for file hash cache (C:\Users\rohit\.gradle\caches\9.1.0\fileHashes)"        [_thread_blocked, id=15668, stack(0x000000476c300000,0x000000476c400000) (1024K)]
  0x0000023b70baccb0 JavaThread "Cache worker for file hash cache (C:\Users\rohit\OneDrive\Desktop\investingapp\bullwavecapital\android\.gradle\9.1.0\fileHashes)"        [_thread_blocked, id=25380, stack(0x000000476c500000,0x000000476c600000) (1024K)]
  0x0000023b70ba9830 JavaThread "Cache worker for Build Output Cleanup Cache (C:\Users\rohit\OneDrive\Desktop\investingapp\bullwavecapital\android\.gradle\buildOutputCleanup)"        [_thread_blocked, id=31468, stack(0x000000476c600000,0x000000476c700000) (1024K)]
  0x0000023b70ba9ec0 JavaThread "File watcher server"        daemon [_thread_blocked, id=27244, stack(0x000000476c700000,0x000000476c800000) (1024K)]
  0x0000023b70bad340 JavaThread "File watcher consumer"      daemon [_thread_blocked, id=10380, stack(0x000000476c800000,0x000000476c900000) (1024K)]
  0x0000023b70bad9d0 JavaThread "Cache worker for checksums cache (C:\Users\rohit\OneDrive\Desktop\investingapp\bullwavecapital\android\.gradle\9.1.0\checksums)"        [_thread_blocked, id=20768, stack(0x000000476c900000,0x000000476ca00000) (1024K)]
  0x0000023b70baa550 JavaThread "Cache worker for file content cache (C:\Users\rohit\.gradle\caches\9.1.0\fileContent)"        [_thread_blocked, id=16552, stack(0x000000476ca00000,0x000000476cb00000) (1024K)]
  0x0000023b70baed80 JavaThread "Cache worker for cache directory md-supplier (C:\Users\rohit\.gradle\caches\9.1.0\md-supplier)"        [_thread_blocked, id=21572, stack(0x000000476cb00000,0x000000476cc00000) (1024K)]
  0x0000023b70bafaa0 JavaThread "Cache worker for cache directory md-rule (C:\Users\rohit\.gradle\caches\9.1.0\md-rule)"        [_thread_blocked, id=30344, stack(0x000000476cc00000,0x000000476cd00000) (1024K)]
  0x0000023b70baf410 JavaThread "Cache worker for Build Output Cleanup Cache (C:\src\flutter\packages\flutter_tools\gradle\.gradle\buildOutputCleanup)"        [_thread_blocked, id=10528, stack(0x000000476cd00000,0x000000476ce00000) (1024K)]
  0x0000023b73da1600 JavaThread "Unconstrained build operations"        [_thread_blocked, id=20352, stack(0x000000476ce00000,0x000000476cf00000) (1024K)]
  0x0000023b73da43f0 JavaThread "Unconstrained build operations Thread 2"        [_thread_blocked, id=26116, stack(0x000000476cf00000,0x000000476d000000) (1024K)]
  0x0000023b73da1c90 JavaThread "Unconstrained build operations Thread 3"        [_thread_blocked, id=27976, stack(0x000000476d000000,0x000000476d100000) (1024K)]
  0x0000023b73da2320 JavaThread "Unconstrained build operations Thread 4"        [_thread_blocked, id=21516, stack(0x000000476d100000,0x000000476d200000) (1024K)]
  0x0000023b73da29b0 JavaThread "Unconstrained build operations Thread 5"        [_thread_blocked, id=31920, stack(0x000000476d200000,0x000000476d300000) (1024K)]
  0x0000023b73da3d60 JavaThread "Unconstrained build operations Thread 6"        [_thread_blocked, id=2716, stack(0x000000476d300000,0x000000476d400000) (1024K)]
  0x0000023b73da36d0 JavaThread "Unconstrained build operations Thread 7"        [_thread_blocked, id=31972, stack(0x000000476d400000,0x000000476d500000) (1024K)]
  0x0000023b73da0f70 JavaThread "Unconstrained build operations Thread 8"        [_thread_blocked, id=12324, stack(0x000000476d500000,0x000000476d600000) (1024K)]
  0x0000023b720d5250 JavaThread "Unconstrained build operations Thread 9"        [_thread_blocked, id=13772, stack(0x000000476d600000,0x000000476d700000) (1024K)]
  0x0000023b720d3180 JavaThread "Unconstrained build operations Thread 10"        [_thread_blocked, id=23068, stack(0x000000476d700000,0x000000476d800000) (1024K)]
  0x0000023b720d3810 JavaThread "Unconstrained build operations Thread 11"        [_thread_blocked, id=24220, stack(0x000000476d800000,0x000000476d900000) (1024K)]
  0x0000023b720d58e0 JavaThread "Unconstrained build operations Thread 12"        [_thread_blocked, id=26528, stack(0x000000476d900000,0x000000476da00000) (1024K)]
  0x0000023b720d3ea0 JavaThread "Unconstrained build operations Thread 13"        [_thread_blocked, id=18644, stack(0x000000476da00000,0x000000476db00000) (1024K)]
  0x0000023b720d2460 JavaThread "Unconstrained build operations Thread 14"        [_thread_blocked, id=25256, stack(0x000000476db00000,0x000000476dc00000) (1024K)]
  0x0000023b720d4530 JavaThread "Unconstrained build operations Thread 15"        [_thread_blocked, id=6540, stack(0x000000476dc00000,0x000000476dd00000) (1024K)]
  0x0000023b720d5f70 JavaThread "Unconstrained build operations Thread 16"        [_thread_blocked, id=15704, stack(0x000000476dd00000,0x000000476de00000) (1024K)]
  0x0000023b720d2af0 JavaThread "Unconstrained build operations Thread 17"        [_thread_blocked, id=17840, stack(0x000000476de00000,0x000000476df00000) (1024K)]
  0x0000023b720d6c90 JavaThread "Unconstrained build operations Thread 18"        [_thread_blocked, id=27236, stack(0x000000476df00000,0x000000476e000000) (1024K)]
  0x0000023b720d4bc0 JavaThread "Unconstrained build operations Thread 19"        [_thread_blocked, id=33412, stack(0x000000476e000000,0x000000476e100000) (1024K)]
  0x0000023b720d8d60 JavaThread "Unconstrained build operations Thread 20"        [_thread_blocked, id=24996, stack(0x000000476e100000,0x000000476e200000) (1024K)]
  0x0000023b720d6600 JavaThread "Unconstrained build operations Thread 21"        [_thread_blocked, id=27504, stack(0x000000476e200000,0x000000476e300000) (1024K)]
  0x0000023b720d93f0 JavaThread "Memory manager"                    [_thread_blocked, id=16940, stack(0x000000476e300000,0x000000476e400000) (1024K)]
  0x0000023b720d86d0 JavaThread "build event listener"              [_thread_blocked, id=20144, stack(0x000000476b200000,0x000000476b300000) (1024K)]
  0x0000023b29d1d5e0 JavaThread "included builds"                   [_thread_blocked, id=33312, stack(0x000000476e400000,0x000000476e500000) (1024K)]
  0x0000023b29d1e300 JavaThread "Execution worker"                  [_thread_blocked, id=26360, stack(0x000000476e500000,0x000000476e600000) (1024K)]
  0x0000023b29d1dc70 JavaThread "Execution worker Thread 2"         [_thread_blocked, id=28284, stack(0x000000476e600000,0x000000476e700000) (1024K)]
  0x0000023b29d1bba0 JavaThread "Execution worker Thread 3"         [_thread_blocked, id=31808, stack(0x000000476e700000,0x000000476e800000) (1024K)]
  0x0000023b29d1ae80 JavaThread "Execution worker Thread 4"         [_thread_blocked, id=31904, stack(0x000000476e800000,0x000000476e900000) (1024K)]
  0x0000023b29d1e990 JavaThread "Execution worker Thread 5"         [_thread_blocked, id=16260, stack(0x000000476e900000,0x000000476ea00000) (1024K)]
  0x0000023b29d1f020 JavaThread "Execution worker Thread 6"         [_thread_blocked, id=19384, stack(0x000000476ea00000,0x000000476eb00000) (1024K)]
  0x0000023b29d1f6b0 JavaThread "Execution worker Thread 7"         [_thread_blocked, id=24516, stack(0x000000476eb00000,0x000000476ec00000) (1024K)]
  0x0000023b29d1c230 JavaThread "Cache worker for execution history cache (C:\src\flutter\packages\flutter_tools\gradle\.gradle\9.1.0\executionHistory)"        [_thread_blocked, id=32800, stack(0x000000476ec00000,0x000000476ed00000) (1024K)]
  0x0000023b29d1c8c0 JavaThread "Unconstrained build operations Thread 22"        [_thread_blocked, id=33160, stack(0x000000476ed00000,0x000000476ee00000) (1024K)]
  0x0000023b29d224a0 JavaThread "Unconstrained build operations Thread 23"        [_thread_blocked, id=28724, stack(0x000000476ee00000,0x000000476ef00000) (1024K)]
  0x0000023b29d203d0 JavaThread "Unconstrained build operations Thread 24"        [_thread_blocked, id=7212, stack(0x000000476ef00000,0x000000476f000000) (1024K)]
  0x0000023b29d21e10 JavaThread "Unconstrained build operations Thread 25"        [_thread_blocked, id=26028, stack(0x000000476f000000,0x000000476f100000) (1024K)]
  0x0000023b29d20a60 JavaThread "Unconstrained build operations Thread 26"        [_thread_blocked, id=20488, stack(0x000000476f100000,0x000000476f200000) (1024K)]
  0x0000023b29d21780 JavaThread "Unconstrained build operations Thread 27"        [_thread_blocked, id=23784, stack(0x000000476f200000,0x000000476f300000) (1024K)]
  0x0000023b29d210f0 JavaThread "Unconstrained build operations Thread 28"        [_thread_blocked, id=33752, stack(0x000000476f300000,0x000000476f400000) (1024K)]
  0x0000023b7463fd70 JavaThread "Unconstrained build operations Thread 29"        [_thread_blocked, id=20336, stack(0x000000476f400000,0x000000476f500000) (1024K)]
  0x0000023b7463c8f0 JavaThread "Unconstrained build operations Thread 30"        [_thread_blocked, id=18932, stack(0x000000476f500000,0x000000476f600000) (1024K)]
  0x0000023b7463e9c0 JavaThread "Unconstrained build operations Thread 31"        [_thread_blocked, id=25836, stack(0x000000476f600000,0x000000476f700000) (1024K)]
  0x0000023b7463cf80 JavaThread "Unconstrained build operations Thread 32"        [_thread_blocked, id=33372, stack(0x000000476f700000,0x000000476f800000) (1024K)]
  0x0000023b7463e330 JavaThread "Unconstrained build operations Thread 33"        [_thread_blocked, id=26936, stack(0x000000476f800000,0x000000476f900000) (1024K)]
  0x0000023b7463d610 JavaThread "Unconstrained build operations Thread 34"        [_thread_blocked, id=18356, stack(0x000000476f900000,0x000000476fa00000) (1024K)]
  0x0000023b7463f050 JavaThread "Unconstrained build operations Thread 35"        [_thread_blocked, id=30232, stack(0x000000476fa00000,0x000000476fb00000) (1024K)]
  0x0000023b7463dca0 JavaThread "Unconstrained build operations Thread 36"        [_thread_blocked, id=17448, stack(0x000000476fb00000,0x000000476fc00000) (1024K)]
  0x0000023b7463f6e0 JavaThread "Unconstrained build operations Thread 37"        [_thread_blocked, id=14604, stack(0x000000476fc00000,0x000000476fd00000) (1024K)]
  0x0000023b73be8270 JavaThread "Unconstrained build operations Thread 38"        [_thread_blocked, id=1528, stack(0x000000476fd00000,0x000000476fe00000) (1024K)]
  0x0000023b73be8900 JavaThread "Unconstrained build operations Thread 39"        [_thread_blocked, id=1416, stack(0x000000476fe00000,0x000000476ff00000) (1024K)]
  0x0000023b73be7550 JavaThread "Unconstrained build operations Thread 40"        [_thread_blocked, id=14132, stack(0x000000476ff00000,0x0000004770000000) (1024K)]
  0x0000023b73be8f90 JavaThread "Unconstrained build operations Thread 41"        [_thread_blocked, id=32280, stack(0x0000004770000000,0x0000004770100000) (1024K)]
  0x0000023b73be6830 JavaThread "Unconstrained build operations Thread 42"        [_thread_blocked, id=23272, stack(0x0000004770100000,0x0000004770200000) (1024K)]
  0x0000023b73be7be0 JavaThread "Unconstrained build operations Thread 43"        [_thread_blocked, id=6708, stack(0x0000004770200000,0x0000004770300000) (1024K)]
  0x0000023b73be5b10 JavaThread "Unconstrained build operations Thread 44"        [_thread_blocked, id=30196, stack(0x0000004770300000,0x0000004770400000) (1024K)]
  0x0000023b73be9620 JavaThread "Unconstrained build operations Thread 45"        [_thread_blocked, id=25168, stack(0x0000004770400000,0x0000004770500000) (1024K)]
  0x0000023b73be61a0 JavaThread "Unconstrained build operations Thread 46"        [_thread_blocked, id=22024, stack(0x0000004770500000,0x0000004770600000) (1024K)]
  0x0000023b73be9cb0 JavaThread "Unconstrained build operations Thread 47"        [_thread_blocked, id=13268, stack(0x0000004770600000,0x0000004770700000) (1024K)]
  0x0000023b73be6ec0 JavaThread "Unconstrained build operations Thread 48"        [_thread_blocked, id=6240, stack(0x0000004770700000,0x0000004770800000) (1024K)]
  0x0000023b73beb060 JavaThread "Unconstrained build operations Thread 49"        [_thread_blocked, id=28692, stack(0x0000004770800000,0x0000004770900000) (1024K)]
  0x0000023b73bebd80 JavaThread "Unconstrained build operations Thread 50"        [_thread_blocked, id=3104, stack(0x0000004770900000,0x0000004770a00000) (1024K)]
  0x0000023b73bec410 JavaThread "Unconstrained build operations Thread 51"        [_thread_blocked, id=26832, stack(0x0000004770a00000,0x0000004770b00000) (1024K)]
  0x0000023b73bed130 JavaThread "Unconstrained build operations Thread 52"        [_thread_blocked, id=18132, stack(0x0000004770b00000,0x0000004770c00000) (1024K)]
  0x0000023b73bea340 JavaThread "Unconstrained build operations Thread 53"        [_thread_blocked, id=13580, stack(0x0000004770c00000,0x0000004770d00000) (1024K)]
  0x0000023b73beb6f0 JavaThread "Unconstrained build operations Thread 54"        [_thread_blocked, id=17584, stack(0x0000004770d00000,0x0000004770e00000) (1024K)]
  0x0000023b73becaa0 JavaThread "Unconstrained build operations Thread 55"        [_thread_blocked, id=30328, stack(0x0000004770e00000,0x0000004770f00000) (1024K)]
  0x0000023b73bea9d0 JavaThread "Unconstrained build operations Thread 56"        [_thread_blocked, id=18020, stack(0x0000004770f00000,0x0000004771000000) (1024K)]
  0x0000023b70fdffe0 JavaThread "Unconstrained build operations Thread 57"        [_thread_blocked, id=32252, stack(0x0000004771000000,0x0000004771100000) (1024K)]
  0x0000023b70fe0670 JavaThread "Unconstrained build operations Thread 58"        [_thread_blocked, id=2196, stack(0x0000004771100000,0x0000004771200000) (1024K)]
  0x0000023b70fe20b0 JavaThread "Unconstrained build operations Thread 59"        [_thread_blocked, id=17424, stack(0x0000004771200000,0x0000004771300000) (1024K)]
  0x0000023b70fe4180 JavaThread "Unconstrained build operations Thread 60"        [_thread_blocked, id=31772, stack(0x0000004771300000,0x0000004771400000) (1024K)]
  0x0000023b70fe2dd0 JavaThread "Unconstrained build operations Thread 61"        [_thread_blocked, id=5600, stack(0x0000004771400000,0x0000004771500000) (1024K)]
  0x0000023b70fe3af0 JavaThread "Unconstrained build operations Thread 62"        [_thread_blocked, id=19156, stack(0x0000004771500000,0x0000004771600000) (1024K)]
  0x0000023b70fe3460 JavaThread "Unconstrained build operations Thread 63"        [_thread_blocked, id=11956, stack(0x0000004771600000,0x0000004771700000) (1024K)]
  0x0000023b70fe2740 JavaThread "Unconstrained build operations Thread 64"        [_thread_blocked, id=25528, stack(0x0000004771700000,0x0000004771800000) (1024K)]
  0x0000023b70fe0d00 JavaThread "Unconstrained build operations Thread 65"        [_thread_blocked, id=28276, stack(0x0000004771800000,0x0000004771900000) (1024K)]
  0x0000023b70fe6250 JavaThread "build event listener"              [_thread_blocked, id=11188, stack(0x0000004771900000,0x0000004771a00000) (1024K)]
  0x0000023b70fe5530 JavaThread "build event listener"              [_thread_blocked, id=1776, stack(0x0000004771a00000,0x0000004771b00000) (1024K)]
  0x0000023b7434a350 JavaThread "Problems report writer"            [_thread_blocked, id=18192, stack(0x0000004771b00000,0x0000004771c00000) (1024K)]
  0x0000023b7434a9e0 JavaThread "jar transforms"                    [_thread_blocked, id=29276, stack(0x0000004771c00000,0x0000004771d00000) (1024K)]
  0x0000023b74346ed0 JavaThread "Unconstrained build operations Thread 66"        [_thread_blocked, id=17396, stack(0x0000004771d00000,0x0000004771e00000) (1024K)]
  0x0000023b7434b700 JavaThread "Unconstrained build operations Thread 67"        [_thread_blocked, id=22696, stack(0x0000004771e00000,0x0000004771f00000) (1024K)]
  0x0000023b7434bd90 JavaThread "Unconstrained build operations Thread 68"        [_thread_blocked, id=25316, stack(0x0000004771f00000,0x0000004772000000) (1024K)]
  0x0000023b7434c420 JavaThread "Unconstrained build operations Thread 69"        [_thread_blocked, id=28204, stack(0x0000004772000000,0x0000004772100000) (1024K)]
  0x0000023b74348fa0 JavaThread "Unconstrained build operations Thread 70"        [_thread_blocked, id=2952, stack(0x0000004772100000,0x0000004772200000) (1024K)]
  0x0000023b7434cab0 JavaThread "Unconstrained build operations Thread 71"        [_thread_blocked, id=27480, stack(0x0000004772200000,0x0000004772300000) (1024K)]
  0x0000023b7434d140 JavaThread "Unconstrained build operations Thread 72"        [_thread_blocked, id=24652, stack(0x0000004772300000,0x0000004772400000) (1024K)]
  0x0000023b7434d7d0 JavaThread "Unconstrained build operations Thread 73"        [_thread_blocked, id=11044, stack(0x0000004772400000,0x0000004772500000) (1024K)]
  0x0000023b7434e4f0 JavaThread "Unconstrained build operations Thread 74"        [_thread_blocked, id=2284, stack(0x0000004772500000,0x0000004772600000) (1024K)]
  0x0000023b7434de60 JavaThread "Unconstrained build operations Thread 75"        [_thread_blocked, id=33376, stack(0x0000004772600000,0x0000004772700000) (1024K)]
  0x0000023b7519daa0 JavaThread "Unconstrained build operations Thread 76"        [_thread_blocked, id=27812, stack(0x0000004772700000,0x0000004772800000) (1024K)]
  0x0000023b7519e7c0 JavaThread "Unconstrained build operations Thread 77"        [_thread_blocked, id=16104, stack(0x0000004772800000,0x0000004772900000) (1024K)]
  0x0000023b7519cd80 JavaThread "Unconstrained build operations Thread 78"        [_thread_blocked, id=19036, stack(0x0000004772900000,0x0000004772a00000) (1024K)]
  0x0000023b751a0f20 JavaThread "Unconstrained build operations Thread 79"        [_thread_blocked, id=23708, stack(0x0000004772a00000,0x0000004772b00000) (1024K)]
  0x0000023b751a22d0 JavaThread "Unconstrained build operations Thread 80"        [_thread_blocked, id=30848, stack(0x0000004772b00000,0x0000004772c00000) (1024K)]
  0x0000023b7a6abf40 JavaThread "jar transforms Thread 2"           [_thread_blocked, id=25532, stack(0x0000004772c00000,0x0000004772d00000) (1024K)]
  0x0000023b757fdf20 JavaThread "jar transforms Thread 3"           [_thread_blocked, id=29020, stack(0x0000004772d00000,0x0000004772e00000) (1024K)]
  0x0000023b757fe5b0 JavaThread "jar transforms Thread 4"           [_thread_blocked, id=6500, stack(0x0000004772e00000,0x0000004772f00000) (1024K)]
  0x0000023b75808330 JavaThread "jar transforms Thread 5"           [_thread_blocked, id=15088, stack(0x0000004772f00000,0x0000004773000000) (1024K)]
  0x0000023b758089c0 JavaThread "jar transforms Thread 6"           [_thread_blocked, id=372, stack(0x0000004773000000,0x0000004773100000) (1024K)]
  0x0000023b75806260 JavaThread "jar transforms Thread 7"           [_thread_blocked, id=14372, stack(0x0000004773100000,0x0000004773200000) (1024K)]
  0x0000023b757fec40 JavaThread "jar transforms Thread 8"           [_thread_blocked, id=6192, stack(0x0000004773200000,0x0000004773300000) (1024K)]
  0x0000023b7ae7d840 JavaThread "pool-3-thread-1"                   [_thread_blocked, id=7452, stack(0x0000004773300000,0x0000004773400000) (1024K)]
  0x0000023b7ae7d1b0 JavaThread "build event listener"              [_thread_blocked, id=28148, stack(0x0000004773400000,0x0000004773500000) (1024K)]
  0x0000023b7ae7ebf0 JavaThread "Cache worker for execution history cache (C:\Users\rohit\OneDrive\Desktop\investingapp\bullwavecapital\android\.gradle\9.1.0\executionHistory)"        [_thread_blocked, id=13888, stack(0x0000004773500000,0x0000004773600000) (1024K)]
  0x0000023b7ae80630 JavaThread "WorkerExecutor Queue"              [_thread_blocked, id=10760, stack(0x0000004773600000,0x0000004773700000) (1024K)]
  0x0000023b7ae80cc0 JavaThread "WorkerExecutor Queue Thread 2"        [_thread_blocked, id=25640, stack(0x0000004773700000,0x0000004773800000) (1024K)]
  0x0000023b7ae81350 JavaThread "WorkerExecutor Queue Thread 3"        [_thread_blocked, id=31868, stack(0x0000004773800000,0x0000004773900000) (1024K)]
  0x0000023b7ae819e0 JavaThread "WorkerExecutor Queue Thread 5"        [_thread_blocked, id=29832, stack(0x0000004773a00000,0x0000004773b00000) (1024K)]
  0x0000023b7ae82700 JavaThread "WorkerExecutor Queue Thread 7"        [_thread_blocked, id=28952, stack(0x0000004773c00000,0x0000004773d00000) (1024K)]
  0x0000023b7ae7f280 JavaThread "WorkerExecutor Queue Thread 8"        [_thread_blocked, id=24940, stack(0x0000004773d00000,0x0000004773e00000) (1024K)]
  0x0000023b7ae7f910 JavaThread "Cache worker for Java compile cache (C:\Users\rohit\.gradle\caches\9.1.0\javaCompile)"        [_thread_blocked, id=17604, stack(0x0000004773f00000,0x0000004774000000) (1024K)]
  0x0000023b751a3680 JavaThread "Build operations"                  [_thread_blocked, id=5512, stack(0x0000004773b00000,0x0000004773c00000) (1024K)]
  0x0000023b70fe6f70 JavaThread "Build operations Thread 2"         [_thread_blocked, id=15828, stack(0x0000004774000000,0x0000004774100000) (1024K)]
  0x0000023b70fe7600 JavaThread "Build operations Thread 3"         [_thread_blocked, id=19496, stack(0x0000004774100000,0x0000004774200000) (1024K)]
  0x0000023b74348280 JavaThread "Build operations Thread 4"         [_thread_blocked, id=20664, stack(0x0000004774200000,0x0000004774300000) (1024K)]
  0x0000023b74348910 JavaThread "Build operations Thread 5"         [_thread_blocked, id=14816, stack(0x0000004774300000,0x0000004774400000) (1024K)]
  0x0000023b7aa07410 JavaThread "Build operations Thread 6"         [_thread_blocked, id=28200, stack(0x0000004774400000,0x0000004774500000) (1024K)]
  0x0000023b7aa066f0 JavaThread "Build operations Thread 7"         [_thread_blocked, id=32684, stack(0x0000004774500000,0x0000004774600000) (1024K)]
  0x0000023b7aa06d80 JavaThread "RMI Scheduler(0)"           daemon [_thread_blocked, id=33532, stack(0x0000004774600000,0x0000004774700000) (1024K)]
  0x0000023b7aa03f90 JavaThread "RMI GC Daemon"              daemon [_thread_blocked, id=32128, stack(0x0000004774800000,0x0000004774900000) (1024K)]
  0x0000023b7aa08130 JavaThread "RMI TCP Accept-0"           daemon [_thread_in_native, id=23328, stack(0x0000004774900000,0x0000004774a00000) (1024K)]
  0x0000023b7aa07aa0 JavaThread "RMI Reaper"                        [_thread_blocked, id=29392, stack(0x0000004774a00000,0x0000004774b00000) (1024K)]
  0x0000023b7aa0bc40 JavaThread "Build operations Thread 8"         [_thread_blocked, id=29084, stack(0x0000004774e00000,0x0000004774f00000) (1024K)]
  0x0000023b7ac38db0 JavaThread "Exec process"                      [_thread_blocked, id=22660, stack(0x0000004774c00000,0x0000004774d00000) (1024K)]
  0x0000023b7ac3ae80 JavaThread "Exec process Thread 2"             [_thread_blocked, id=26864, stack(0x0000004775500000,0x0000004775600000) (1024K)]
  0x0000023b7ac3a160 JavaThread "Exec process Thread 3"             [_thread_blocked, id=33500, stack(0x0000004775600000,0x0000004775700000) (1024K)]
  0x0000023b7ac424a0 JavaThread "pool-4-thread-1"                   [_thread_blocked, id=32820, stack(0x0000004769c00000,0x0000004769d00000) (1024K)]
  0x0000023b7ac40a60 JavaThread "stderr"                            [_thread_in_native, id=1136, stack(0x0000004774b00000,0x0000004774c00000) (1024K)]
  0x0000023b7ac42b30 JavaThread "stdout"                            [_thread_in_native, id=30860, stack(0x0000004775000000,0x0000004775100000) (1024K)]
  0x0000023b7ac431c0 JavaThread "stderr"                            [_thread_in_native, id=32008, stack(0x0000004775200000,0x0000004775300000) (1024K)]
  0x0000023b7ac403d0 JavaThread "stdout"                            [_thread_in_native, id=7200, stack(0x0000004775400000,0x0000004775500000) (1024K)]
  0x0000023b7ac41e10 JavaThread "stderr"                            [_thread_in_native, id=13660, stack(0x0000004775700000,0x0000004775800000) (1024K)]
  0x0000023b7ac410f0 JavaThread "stdout"                            [_thread_in_native, id=23880, stack(0x0000004775800000,0x0000004775900000) (1024K)]
  0x0000023b7ac39ad0 JavaThread "stderr"                            [_thread_in_native, id=33384, stack(0x0000004775900000,0x0000004775a00000) (1024K)]
  0x0000023b7ac41780 JavaThread "stdout"                            [_thread_in_native, id=24496, stack(0x0000004775a00000,0x0000004775b00000) (1024K)]
  0x0000023b7ac3fd40 JavaThread "stderr"                            [_thread_in_native, id=33572, stack(0x0000004775b00000,0x0000004775c00000) (1024K)]
  0x0000023b7ac43ee0 JavaThread "stdout"                            [_thread_in_native, id=32632, stack(0x0000004775c00000,0x0000004775d00000) (1024K)]
  0x0000023b7ac44c00 JavaThread "stderr"                            [_thread_in_native, id=23228, stack(0x0000004775d00000,0x0000004775e00000) (1024K)]
  0x0000023b7ac45fb0 JavaThread "stdout"                            [_thread_in_native, id=12532, stack(0x0000004775e00000,0x0000004775f00000) (1024K)]
  0x0000023b7ac44570 JavaThread "stderr"                            [_thread_in_native, id=4156, stack(0x0000004775f00000,0x0000004776000000) (1024K)]
  0x0000023b7ac45290 JavaThread "stdout"                            [_thread_in_native, id=19804, stack(0x0000004776000000,0x0000004776100000) (1024K)]
  0x0000023b7a6b00e0 JavaThread "WorkerExecutor Queue Thread 10"        [_thread_blocked, id=32356, stack(0x0000004769a00000,0x0000004769b00000) (1024K)]
  0x0000023b7a6ae6a0 JavaThread "WorkerExecutor Queue Thread 11"        [_thread_blocked, id=20876, stack(0x0000004769b00000,0x0000004769c00000) (1024K)]
  0x0000023b7ae82070 JavaThread "ForkJoinPool-1-worker-1"    daemon [_thread_blocked, id=20808, stack(0x0000004773900000,0x0000004773a00000) (1024K)]
  0x0000023b7ae85b80 JavaThread "ForkJoinPool-1-worker-2"    daemon [_thread_blocked, id=31648, stack(0x0000004773e00000,0x0000004773f00000) (1024K)]
  0x0000023b7ae83ab0 JavaThread "ForkJoinPool-1-worker-3"    daemon [_thread_blocked, id=1884, stack(0x0000004774700000,0x0000004774800000) (1024K)]
  0x0000023b7ae86210 JavaThread "ForkJoinPool-1-worker-4"    daemon [_thread_blocked, id=17168, stack(0x0000004774f00000,0x0000004775000000) (1024K)]
  0x0000023b7ae868a0 JavaThread "ForkJoinPool-1-worker-5"    daemon [_thread_blocked, id=33060, stack(0x0000004775100000,0x0000004775200000) (1024K)]
  0x0000023b7ae83420 JavaThread "ForkJoinPool-1-worker-6"    daemon [_thread_blocked, id=26808, stack(0x0000004775300000,0x0000004775400000) (1024K)]
  0x0000023b7ae8a3b0 JavaThread "ForkJoinPool-1-worker-7"    daemon [_thread_blocked, id=29548, stack(0x0000004776100000,0x0000004776200000) (1024K)]
  0x0000023b7ae89d20 JavaThread "ForkJoinPool-1-worker-8"    daemon [_thread_blocked, id=27748, stack(0x0000004776200000,0x0000004776300000) (1024K)]
  0x0000023b7da4fe70 JavaThread "C2 CompilerThread1"         daemon [_thread_blocked, id=32880, stack(0x0000004776300000,0x0000004776400000) (1024K)]
  0x0000023b7da4f7a0 JavaThread "C2 CompilerThread2"         daemon [_thread_blocked, id=10364, stack(0x0000004776700000,0x0000004776800000) (1024K)]
Total: 187

Other Threads:
=>0x0000023b297e9450 VMThread "VM Thread"                           [id=4740, stack(0x000000476a400000,0x000000476a500000) (1024K)]
  0x0000023b297d7710 WatcherThread "VM Periodic Task Thread"        [id=32412, stack(0x000000476a300000,0x000000476a400000) (1024K)]
  0x0000023b086a6140 WorkerThread "GC Thread#0"                     [id=30360, stack(0x0000004769e00000,0x0000004769f00000) (1024K)]
  0x0000023b6f002090 WorkerThread "GC Thread#1"                     [id=16960, stack(0x000000476af00000,0x000000476b000000) (1024K)]
  0x0000023b6f034e20 WorkerThread "GC Thread#2"                     [id=8012, stack(0x000000476b000000,0x000000476b100000) (1024K)]
  0x0000023b6f03d880 WorkerThread "GC Thread#3"                     [id=30004, stack(0x000000476b100000,0x000000476b200000) (1024K)]
  0x0000023b6f8d3af0 WorkerThread "GC Thread#4"                     [id=1824, stack(0x000000476b300000,0x000000476b400000) (1024K)]
  0x0000023b706d7740 WorkerThread "GC Thread#5"                     [id=18520, stack(0x000000476b500000,0x000000476b600000) (1024K)]
  0x0000023b706d7af0 WorkerThread "GC Thread#6"                     [id=29036, stack(0x000000476b600000,0x000000476b700000) (1024K)]
  0x0000023b706e1fa0 WorkerThread "GC Thread#7"                     [id=25008, stack(0x000000476b700000,0x000000476b800000) (1024K)]
  0x0000023b086b6ee0 ConcurrentGCThread "G1 Main Marker"            [id=33472, stack(0x0000004769f00000,0x000000476a000000) (1024K)]
  0x0000023b086b84c0 WorkerThread "G1 Conc#0"                       [id=16480, stack(0x000000476a000000,0x000000476a100000) (1024K)]
  0x0000023b70658b90 WorkerThread "G1 Conc#1"                       [id=27316, stack(0x000000476c400000,0x000000476c500000) (1024K)]
  0x0000023b296ab120 ConcurrentGCThread "G1 Refine#0"               [id=16148, stack(0x000000476a100000,0x000000476a200000) (1024K)]
  0x0000023b296aba50 ConcurrentGCThread "G1 Service"                [id=31872, stack(0x000000476a200000,0x000000476a300000) (1024K)]
Total: 15

Threads with active compile tasks:
C2 CompilerThread0   295554 42206       4       com.android.tools.r8.internal.w62::b (254 bytes)
C1 CompilerThread0   295554 42410   !   2       com.android.tools.r8.internal.k10::A2 (25 bytes)
C2 CompilerThread1   295554 42193       4       com.android.tools.r8.internal.bo::a (1195 bytes)
C2 CompilerThread2   295554 42377 %     4       com.android.tools.r8.internal.cl::a @ 929 (1828 bytes)
Total: 4

VM state: at safepoint (normal execution)

VM Mutex/Monitor currently owned by a thread:  ([mutex/lock_event])
[0x00007ffb62ab9ad0] MethodCompileQueue_lock - owner thread: 0x0000023b7da4fe70
[0x00007ffb62abaf50] Threads_lock - owner thread: 0x0000023b297e9450
[0x00007ffb62abb050] Heap_lock - owner thread: 0x0000023b7ae83ab0

Heap address: 0x0000000700000000, size: 4096 MB, Compressed Oops mode: Zero based, Oop shift amount: 3

CDS archive(s) mapped at: [0x0000023b2a000000-0x0000023b2ac90000-0x0000023b2ac90000), size 13172736, SharedBaseAddress: 0x0000023b2a000000, ArchiveRelocationMode: 1.
Compressed class space mapped at: 0x0000023b2b000000-0x0000023b6b000000, reserved size: 1073741824
Narrow klass base: 0x0000023b2a000000, Narrow klass shift: 0, Narrow klass range: 0x100000000

GC Precious Log:
 CardTable entry size: 512
 Card Set container configuration: InlinePtr #cards 4 size 8 Array Of Cards #cards 16 size 48 Howl #buckets 8 coarsen threshold 3686 Howl Bitmap #cards 512 size 80 coarsen threshold 460 Card regions per heap region 1 cards per card region 4096
 CPUs: 8 total, 8 available
 Memory: 7418M
 Large Page Support: Disabled
 NUMA Support: Disabled
 Compressed Oops: Enabled (Zero based)
 Heap Region Size: 2M
 Heap Min Capacity: 8M
 Heap Initial Capacity: 116M
 Heap Max Capacity: 4G
 Pre-touch: Disabled
 Parallel Workers: 8
 Concurrent Workers: 2
 Concurrent Refinement Workers: 8
 Periodic GC: Disabled

Heap:
 garbage-first heap   total 1722368K, used 592799K [0x0000000700000000, 0x0000000800000000)
  region size 2048K, 5 young (10240K), 5 survivors (10240K)
 Metaspace       used 197146K, committed 200384K, reserved 1245184K
  class space    used 25541K, committed 27136K, reserved 1048576K

Heap Regions: E=young(eden), S=young(survivor), O=old, HS=humongous(starts), HC=humongous(continues), CS=collection set, F=free, TAMS=top-at-mark-start, PB=parsable bottom
|   0|0x0000000700000000, 0x0000000700200000, 0x0000000700200000|100%|HS|  |TAMS 0x0000000700000000| PB 0x0000000700000000| Complete 
|   1|0x0000000700200000, 0x0000000700400000, 0x0000000700400000|100%|HC|  |TAMS 0x0000000700200000| PB 0x0000000700200000| Complete 
|   2|0x0000000700400000, 0x0000000700600000, 0x0000000700600000|100%| O|  |TAMS 0x0000000700400000| PB 0x0000000700400000| Untracked 
|   3|0x0000000700600000, 0x0000000700800000, 0x0000000700800000|100%| O|  |TAMS 0x0000000700600000| PB 0x0000000700600000| Untracked 
|   4|0x0000000700800000, 0x0000000700a00000, 0x0000000700a00000|100%| O|  |TAMS 0x0000000700800000| PB 0x0000000700800000| Untracked 
|   5|0x0000000700a00000, 0x0000000700c00000, 0x0000000700c00000|100%| O|  |TAMS 0x0000000700a00000| PB 0x0000000700a00000| Untracked 
|   6|0x0000000700c00000, 0x0000000700e00000, 0x0000000700e00000|100%| O|  |TAMS 0x0000000700c00000| PB 0x0000000700c00000| Untracked 
|   7|0x0000000700e00000, 0x0000000701000000, 0x0000000701000000|100%| O|  |TAMS 0x0000000700e00000| PB 0x0000000700e00000| Untracked 
|   8|0x0000000701000000, 0x0000000701200000, 0x0000000701200000|100%| O|  |TAMS 0x0000000701000000| PB 0x0000000701000000| Untracked 
|   9|0x0000000701200000, 0x0000000701400000, 0x0000000701400000|100%| O|  |TAMS 0x0000000701200000| PB 0x0000000701200000| Untracked 
|  10|0x0000000701400000, 0x0000000701600000, 0x0000000701600000|100%| O|  |TAMS 0x0000000701400000| PB 0x0000000701400000| Untracked 
|  11|0x0000000701600000, 0x0000000701800000, 0x0000000701800000|100%| O|  |TAMS 0x0000000701600000| PB 0x0000000701600000| Untracked 
|  12|0x0000000701800000, 0x0000000701a00000, 0x0000000701a00000|100%| O|  |TAMS 0x0000000701800000| PB 0x0000000701800000| Untracked 
|  13|0x0000000701a00000, 0x0000000701c00000, 0x0000000701c00000|100%| O|  |TAMS 0x0000000701a00000| PB 0x0000000701a00000| Untracked 
|  14|0x0000000701c00000, 0x0000000701e00000, 0x0000000701e00000|100%| O|  |TAMS 0x0000000701c00000| PB 0x0000000701c00000| Untracked 
|  15|0x0000000701e00000, 0x0000000702000000, 0x0000000702000000|100%| O|  |TAMS 0x0000000701e00000| PB 0x0000000701e00000| Untracked 
|  16|0x0000000702000000, 0x0000000702200000, 0x0000000702200000|100%|HS|  |TAMS 0x0000000702000000| PB 0x0000000702000000| Complete 
|  17|0x0000000702200000, 0x0000000702400000, 0x0000000702400000|100%| O|  |TAMS 0x0000000702200000| PB 0x0000000702200000| Untracked 
|  18|0x0000000702400000, 0x0000000702600000, 0x0000000702600000|100%|HS|  |TAMS 0x0000000702400000| PB 0x0000000702400000| Complete 
|  19|0x0000000702600000, 0x0000000702800000, 0x0000000702800000|100%| O|  |TAMS 0x0000000702600000| PB 0x0000000702600000| Untracked 
|  20|0x0000000702800000, 0x0000000702a00000, 0x0000000702a00000|100%| O|  |TAMS 0x0000000702800000| PB 0x0000000702800000| Untracked 
|  21|0x0000000702a00000, 0x0000000702c00000, 0x0000000702c00000|100%| O|  |TAMS 0x0000000702a00000| PB 0x0000000702a00000| Untracked 
|  22|0x0000000702c00000, 0x0000000702e00000, 0x0000000702e00000|100%| O|  |TAMS 0x0000000702c00000| PB 0x0000000702c00000| Untracked 
|  23|0x0000000702e00000, 0x0000000703000000, 0x0000000703000000|100%| O|  |TAMS 0x0000000702e00000| PB 0x0000000702e00000| Untracked 
|  24|0x0000000703000000, 0x0000000703200000, 0x0000000703200000|100%| O|  |TAMS 0x0000000703000000| PB 0x0000000703000000| Untracked 
|  25|0x0000000703200000, 0x0000000703400000, 0x0000000703400000|100%| O|  |TAMS 0x0000000703200000| PB 0x0000000703200000| Untracked 
|  26|0x0000000703400000, 0x0000000703600000, 0x0000000703600000|100%| O|  |TAMS 0x0000000703400000| PB 0x0000000703400000| Untracked 
|  27|0x0000000703600000, 0x0000000703800000, 0x0000000703800000|100%| O|  |TAMS 0x0000000703600000| PB 0x0000000703600000| Untracked 
|  28|0x0000000703800000, 0x0000000703a00000, 0x0000000703a00000|100%| O|  |TAMS 0x0000000703800000| PB 0x0000000703800000| Untracked 
|  29|0x0000000703a00000, 0x0000000703c00000, 0x0000000703c00000|100%| O|  |TAMS 0x0000000703a00000| PB 0x0000000703a00000| Untracked 
|  30|0x0000000703c00000, 0x0000000703e00000, 0x0000000703e00000|100%| O|  |TAMS 0x0000000703c00000| PB 0x0000000703c00000| Untracked 
|  31|0x0000000703e00000, 0x0000000704000000, 0x0000000704000000|100%|HS|  |TAMS 0x0000000703e00000| PB 0x0000000703e00000| Complete 
|  32|0x0000000704000000, 0x0000000704200000, 0x0000000704200000|100%| O|  |TAMS 0x0000000704000000| PB 0x0000000704000000| Untracked 
|  33|0x0000000704200000, 0x0000000704400000, 0x0000000704400000|100%| O|  |TAMS 0x0000000704200000| PB 0x0000000704200000| Untracked 
|  34|0x0000000704400000, 0x0000000704600000, 0x0000000704600000|100%| O|  |TAMS 0x0000000704400000| PB 0x0000000704400000| Untracked 
|  35|0x0000000704600000, 0x0000000704800000, 0x0000000704800000|100%| O|  |TAMS 0x0000000704600000| PB 0x0000000704600000| Untracked 
|  36|0x0000000704800000, 0x0000000704a00000, 0x0000000704a00000|100%| O|  |TAMS 0x0000000704800000| PB 0x0000000704800000| Untracked 
|  37|0x0000000704a00000, 0x0000000704c00000, 0x0000000704c00000|100%| O|  |TAMS 0x0000000704a00000| PB 0x0000000704a00000| Untracked 
|  38|0x0000000704c00000, 0x0000000704e00000, 0x0000000704e00000|100%| O|  |TAMS 0x0000000704c00000| PB 0x0000000704c00000| Untracked 
|  39|0x0000000704e00000, 0x0000000705000000, 0x0000000705000000|100%| O|  |TAMS 0x0000000704e00000| PB 0x0000000704e00000| Untracked 
|  40|0x0000000705000000, 0x0000000705200000, 0x0000000705200000|100%| O|  |TAMS 0x0000000705000000| PB 0x0000000705000000| Untracked 
|  41|0x0000000705200000, 0x0000000705400000, 0x0000000705400000|100%| O|  |TAMS 0x0000000705200000| PB 0x0000000705200000| Untracked 
|  42|0x0000000705400000, 0x0000000705600000, 0x0000000705600000|100%| O|  |TAMS 0x0000000705400000| PB 0x0000000705400000| Untracked 
|  43|0x0000000705600000, 0x0000000705800000, 0x0000000705800000|100%| O|  |TAMS 0x0000000705600000| PB 0x0000000705600000| Untracked 
|  44|0x0000000705800000, 0x0000000705a00000, 0x0000000705a00000|100%| O|  |TAMS 0x0000000705800000| PB 0x0000000705800000| Untracked 
|  45|0x0000000705a00000, 0x0000000705c00000, 0x0000000705c00000|100%| O|  |TAMS 0x0000000705a00000| PB 0x0000000705a00000| Untracked 
|  46|0x0000000705c00000, 0x0000000705e00000, 0x0000000705e00000|100%|HS|  |TAMS 0x0000000705c00000| PB 0x0000000705c00000| Complete 
|  47|0x0000000705e00000, 0x0000000706000000, 0x0000000706000000|100%| O|  |TAMS 0x0000000705e00000| PB 0x0000000705e00000| Untracked 
|  48|0x0000000706000000, 0x0000000706200000, 0x0000000706200000|100%| O|  |TAMS 0x0000000706000000| PB 0x0000000706000000| Untracked 
|  49|0x0000000706200000, 0x0000000706400000, 0x0000000706400000|100%| O|  |TAMS 0x0000000706200000| PB 0x0000000706200000| Untracked 
|  50|0x0000000706400000, 0x0000000706600000, 0x0000000706600000|100%| O|  |TAMS 0x0000000706400000| PB 0x0000000706400000| Untracked 
|  51|0x0000000706600000, 0x0000000706800000, 0x0000000706800000|100%| O|  |TAMS 0x0000000706600000| PB 0x0000000706600000| Untracked 
|  52|0x0000000706800000, 0x0000000706a00000, 0x0000000706a00000|100%| O|  |TAMS 0x0000000706800000| PB 0x0000000706800000| Untracked 
|  53|0x0000000706a00000, 0x0000000706c00000, 0x0000000706c00000|100%| O|  |TAMS 0x0000000706a00000| PB 0x0000000706a00000| Untracked 
|  54|0x0000000706c00000, 0x0000000706e00000, 0x0000000706e00000|100%| O|  |TAMS 0x0000000706c00000| PB 0x0000000706c00000| Untracked 
|  55|0x0000000706e00000, 0x0000000707000000, 0x0000000707000000|100%| O|  |TAMS 0x0000000706e00000| PB 0x0000000706e00000| Untracked 
|  56|0x0000000707000000, 0x0000000707200000, 0x0000000707200000|100%| O|  |TAMS 0x0000000707000000| PB 0x0000000707000000| Untracked 
|  57|0x0000000707200000, 0x0000000707400000, 0x0000000707400000|100%| O|  |TAMS 0x0000000707200000| PB 0x0000000707200000| Untracked 
|  58|0x0000000707400000, 0x0000000707600000, 0x0000000707600000|100%| O|  |TAMS 0x0000000707400000| PB 0x0000000707400000| Untracked 
|  59|0x0000000707600000, 0x0000000707800000, 0x0000000707800000|100%| O|  |TAMS 0x0000000707600000| PB 0x0000000707600000| Untracked 
|  60|0x0000000707800000, 0x0000000707a00000, 0x0000000707a00000|100%|HS|  |TAMS 0x0000000707800000| PB 0x0000000707800000| Complete 
|  61|0x0000000707a00000, 0x0000000707c00000, 0x0000000707c00000|100%|HC|  |TAMS 0x0000000707a00000| PB 0x0000000707a00000| Complete 
|  62|0x0000000707c00000, 0x0000000707e00000, 0x0000000707e00000|100%|HS|  |TAMS 0x0000000707c00000| PB 0x0000000707c00000| Complete 
|  63|0x0000000707e00000, 0x0000000708000000, 0x0000000708000000|100%| O|  |TAMS 0x0000000707e00000| PB 0x0000000707e00000| Untracked 
|  64|0x0000000708000000, 0x0000000708200000, 0x0000000708200000|100%| O|  |TAMS 0x0000000708000000| PB 0x0000000708000000| Untracked 
|  65|0x0000000708200000, 0x0000000708400000, 0x0000000708400000|100%| O|  |TAMS 0x0000000708200000| PB 0x0000000708200000| Untracked 
|  66|0x0000000708400000, 0x0000000708600000, 0x0000000708600000|100%| O|  |TAMS 0x0000000708400000| PB 0x0000000708400000| Untracked 
|  67|0x0000000708600000, 0x0000000708800000, 0x0000000708800000|100%| O|  |TAMS 0x0000000708600000| PB 0x0000000708600000| Untracked 
|  68|0x0000000708800000, 0x0000000708a00000, 0x0000000708a00000|100%| O|  |TAMS 0x0000000708800000| PB 0x0000000708800000| Untracked 
|  69|0x0000000708a00000, 0x0000000708c00000, 0x0000000708c00000|100%| O|  |TAMS 0x0000000708a00000| PB 0x0000000708a00000| Untracked 
|  70|0x0000000708c00000, 0x0000000708e00000, 0x0000000708e00000|100%| O|  |TAMS 0x0000000708c00000| PB 0x0000000708c00000| Untracked 
|  71|0x0000000708e00000, 0x0000000709000000, 0x0000000709000000|100%| O|  |TAMS 0x0000000708e00000| PB 0x0000000708e00000| Untracked 
|  72|0x0000000709000000, 0x0000000709200000, 0x0000000709200000|100%| O|  |TAMS 0x0000000709000000| PB 0x0000000709000000| Untracked 
|  73|0x0000000709200000, 0x0000000709400000, 0x0000000709400000|100%| O|  |TAMS 0x0000000709200000| PB 0x0000000709200000| Untracked 
|  74|0x0000000709400000, 0x0000000709600000, 0x0000000709600000|100%| O|  |TAMS 0x0000000709400000| PB 0x0000000709400000| Untracked 
|  75|0x0000000709600000, 0x0000000709800000, 0x0000000709800000|100%| O|  |TAMS 0x0000000709600000| PB 0x0000000709600000| Untracked 
|  76|0x0000000709800000, 0x0000000709a00000, 0x0000000709a00000|100%| O|  |TAMS 0x0000000709800000| PB 0x0000000709800000| Untracked 
|  77|0x0000000709a00000, 0x0000000709c00000, 0x0000000709c00000|100%| O|  |TAMS 0x0000000709a00000| PB 0x0000000709a00000| Untracked 
|  78|0x0000000709c00000, 0x0000000709e00000, 0x0000000709e00000|100%| O|  |TAMS 0x0000000709c00000| PB 0x0000000709c00000| Untracked 
|  79|0x0000000709e00000, 0x000000070a000000, 0x000000070a000000|100%| O|  |TAMS 0x0000000709e00000| PB 0x0000000709e00000| Untracked 
|  80|0x000000070a000000, 0x000000070a200000, 0x000000070a200000|100%| O|  |TAMS 0x000000070a000000| PB 0x000000070a000000| Untracked 
|  81|0x000000070a200000, 0x000000070a400000, 0x000000070a400000|100%| O|  |TAMS 0x000000070a200000| PB 0x000000070a200000| Untracked 
|  82|0x000000070a400000, 0x000000070a600000, 0x000000070a600000|100%| O|  |TAMS 0x000000070a400000| PB 0x000000070a400000| Untracked 
|  83|0x000000070a600000, 0x000000070a800000, 0x000000070a800000|100%| O|  |TAMS 0x000000070a600000| PB 0x000000070a600000| Untracked 
|  84|0x000000070a800000, 0x000000070aa00000, 0x000000070aa00000|100%| O|  |TAMS 0x000000070a800000| PB 0x000000070a800000| Untracked 
|  85|0x000000070aa00000, 0x000000070ac00000, 0x000000070ac00000|100%| O|  |TAMS 0x000000070aa00000| PB 0x000000070aa00000| Untracked 
|  86|0x000000070ac00000, 0x000000070ae00000, 0x000000070ae00000|100%| O|  |TAMS 0x000000070ac00000| PB 0x000000070ac00000| Untracked 
|  87|0x000000070ae00000, 0x000000070b000000, 0x000000070b000000|100%| O|  |TAMS 0x000000070ae00000| PB 0x000000070ae00000| Untracked 
|  88|0x000000070b000000, 0x000000070b200000, 0x000000070b200000|100%| O|  |TAMS 0x000000070b000000| PB 0x000000070b000000| Untracked 
|  89|0x000000070b200000, 0x000000070b400000, 0x000000070b400000|100%| O|  |TAMS 0x000000070b200000| PB 0x000000070b200000| Untracked 
|  90|0x000000070b400000, 0x000000070b600000, 0x000000070b600000|100%|HS|  |TAMS 0x000000070b400000| PB 0x000000070b400000| Complete 
|  91|0x000000070b600000, 0x000000070b800000, 0x000000070b800000|100%| O|  |TAMS 0x000000070b600000| PB 0x000000070b600000| Untracked 
|  92|0x000000070b800000, 0x000000070ba00000, 0x000000070ba00000|100%| O|  |TAMS 0x000000070b800000| PB 0x000000070b800000| Untracked 
|  93|0x000000070ba00000, 0x000000070bc00000, 0x000000070bc00000|100%| O|  |TAMS 0x000000070ba00000| PB 0x000000070ba00000| Untracked 
|  94|0x000000070bc00000, 0x000000070be00000, 0x000000070be00000|100%| O|  |TAMS 0x000000070bc00000| PB 0x000000070bc00000| Untracked 
|  95|0x000000070be00000, 0x000000070c000000, 0x000000070c000000|100%| O|  |TAMS 0x000000070be00000| PB 0x000000070be00000| Untracked 
|  96|0x000000070c000000, 0x000000070c200000, 0x000000070c200000|100%| O|  |TAMS 0x000000070c000000| PB 0x000000070c000000| Untracked 
|  97|0x000000070c200000, 0x000000070c400000, 0x000000070c400000|100%| O|  |TAMS 0x000000070c200000| PB 0x000000070c200000| Untracked 
|  98|0x000000070c400000, 0x000000070c600000, 0x000000070c600000|100%| O|  |TAMS 0x000000070c400000| PB 0x000000070c400000| Untracked 
|  99|0x000000070c600000, 0x000000070c800000, 0x000000070c800000|100%|HS|  |TAMS 0x000000070c600000| PB 0x000000070c600000| Complete 
| 100|0x000000070c800000, 0x000000070ca00000, 0x000000070ca00000|100%| O|  |TAMS 0x000000070c800000| PB 0x000000070c800000| Untracked 
| 101|0x000000070ca00000, 0x000000070cc00000, 0x000000070cc00000|100%| O|  |TAMS 0x000000070ca00000| PB 0x000000070ca00000| Untracked 
| 102|0x000000070cc00000, 0x000000070ce00000, 0x000000070ce00000|100%| O|  |TAMS 0x000000070cc00000| PB 0x000000070cc00000| Untracked 
| 103|0x000000070ce00000, 0x000000070d000000, 0x000000070d000000|100%| O|  |TAMS 0x000000070ce00000| PB 0x000000070ce00000| Untracked 
| 104|0x000000070d000000, 0x000000070d200000, 0x000000070d200000|100%| O|  |TAMS 0x000000070d000000| PB 0x000000070d000000| Untracked 
| 105|0x000000070d200000, 0x000000070d400000, 0x000000070d400000|100%| O|  |TAMS 0x000000070d200000| PB 0x000000070d200000| Untracked 
| 106|0x000000070d400000, 0x000000070d600000, 0x000000070d600000|100%| O|  |TAMS 0x000000070d400000| PB 0x000000070d400000| Untracked 
| 107|0x000000070d600000, 0x000000070d800000, 0x000000070d800000|100%| O|  |TAMS 0x000000070d600000| PB 0x000000070d600000| Untracked 
| 108|0x000000070d800000, 0x000000070da00000, 0x000000070da00000|100%| O|  |TAMS 0x000000070d800000| PB 0x000000070d800000| Untracked 
| 109|0x000000070da00000, 0x000000070dc00000, 0x000000070dc00000|100%| O|  |TAMS 0x000000070da00000| PB 0x000000070da00000| Untracked 
| 110|0x000000070dc00000, 0x000000070de00000, 0x000000070de00000|100%| O|  |TAMS 0x000000070dc00000| PB 0x000000070dc00000| Untracked 
| 111|0x000000070de00000, 0x000000070e000000, 0x000000070e000000|100%| O|  |TAMS 0x000000070de00000| PB 0x000000070de00000| Untracked 
| 112|0x000000070e000000, 0x000000070e200000, 0x000000070e200000|100%| O|  |TAMS 0x000000070e000000| PB 0x000000070e000000| Untracked 
| 113|0x000000070e200000, 0x000000070e400000, 0x000000070e400000|100%| O|  |TAMS 0x000000070e200000| PB 0x000000070e200000| Untracked 
| 114|0x000000070e400000, 0x000000070e600000, 0x000000070e600000|100%| O|  |TAMS 0x000000070e400000| PB 0x000000070e400000| Untracked 
| 115|0x000000070e600000, 0x000000070e800000, 0x000000070e800000|100%| O|  |TAMS 0x000000070e600000| PB 0x000000070e600000| Untracked 
| 116|0x000000070e800000, 0x000000070ea00000, 0x000000070ea00000|100%| O|  |TAMS 0x000000070e800000| PB 0x000000070e800000| Untracked 
| 117|0x000000070ea00000, 0x000000070ec00000, 0x000000070ec00000|100%|HS|  |TAMS 0x000000070ea00000| PB 0x000000070ea00000| Complete 
| 118|0x000000070ec00000, 0x000000070ee00000, 0x000000070ee00000|100%| O|  |TAMS 0x000000070ec00000| PB 0x000000070ec00000| Untracked 
| 119|0x000000070ee00000, 0x000000070f000000, 0x000000070f000000|100%| O|  |TAMS 0x000000070ee00000| PB 0x000000070ee00000| Untracked 
| 120|0x000000070f000000, 0x000000070f200000, 0x000000070f200000|100%| O|  |TAMS 0x000000070f000000| PB 0x000000070f000000| Untracked 
| 121|0x000000070f200000, 0x000000070f400000, 0x000000070f400000|100%| O|  |TAMS 0x000000070f200000| PB 0x000000070f200000| Untracked 
| 122|0x000000070f400000, 0x000000070f600000, 0x000000070f600000|100%| O|  |TAMS 0x000000070f400000| PB 0x000000070f400000| Untracked 
| 123|0x000000070f600000, 0x000000070f800000, 0x000000070f800000|100%| O|  |TAMS 0x000000070f600000| PB 0x000000070f600000| Untracked 
| 124|0x000000070f800000, 0x000000070fa00000, 0x000000070fa00000|100%| O|  |TAMS 0x000000070f800000| PB 0x000000070f800000| Untracked 
| 125|0x000000070fa00000, 0x000000070fc00000, 0x000000070fc00000|100%| O|  |TAMS 0x000000070fa00000| PB 0x000000070fa00000| Untracked 
| 126|0x000000070fc00000, 0x000000070fe00000, 0x000000070fe00000|100%|HS|  |TAMS 0x000000070fc00000| PB 0x000000070fc00000| Complete 
| 127|0x000000070fe00000, 0x0000000710000000, 0x0000000710000000|100%| O|  |TAMS 0x000000070fe00000| PB 0x000000070fe00000| Untracked 
| 128|0x0000000710000000, 0x0000000710200000, 0x0000000710200000|100%| O|  |TAMS 0x0000000710000000| PB 0x0000000710000000| Untracked 
| 129|0x0000000710200000, 0x0000000710400000, 0x0000000710400000|100%| O|  |TAMS 0x0000000710200000| PB 0x0000000710200000| Untracked 
| 130|0x0000000710400000, 0x0000000710600000, 0x0000000710600000|100%|HS|  |TAMS 0x0000000710400000| PB 0x0000000710400000| Complete 
| 131|0x0000000710600000, 0x0000000710800000, 0x0000000710800000|100%|HC|  |TAMS 0x0000000710600000| PB 0x0000000710600000| Complete 
| 132|0x0000000710800000, 0x0000000710a00000, 0x0000000710a00000|100%| O|  |TAMS 0x0000000710800000| PB 0x0000000710800000| Untracked 
| 133|0x0000000710a00000, 0x0000000710c00000, 0x0000000710c00000|100%| O|  |TAMS 0x0000000710a00000| PB 0x0000000710a00000| Untracked 
| 134|0x0000000710c00000, 0x0000000710e00000, 0x0000000710e00000|100%| O|  |TAMS 0x0000000710c00000| PB 0x0000000710c00000| Untracked 
| 135|0x0000000710e00000, 0x0000000711000000, 0x0000000711000000|100%| O|  |TAMS 0x0000000710e00000| PB 0x0000000710e00000| Untracked 
| 136|0x0000000711000000, 0x0000000711200000, 0x0000000711200000|100%| O|  |TAMS 0x0000000711000000| PB 0x0000000711000000| Untracked 
| 137|0x0000000711200000, 0x0000000711400000, 0x0000000711400000|100%| O|  |TAMS 0x0000000711200000| PB 0x0000000711200000| Untracked 
| 138|0x0000000711400000, 0x0000000711600000, 0x0000000711600000|100%| O|  |TAMS 0x0000000711400000| PB 0x0000000711400000| Untracked 
| 139|0x0000000711600000, 0x0000000711800000, 0x0000000711800000|100%| O|  |TAMS 0x0000000711600000| PB 0x0000000711600000| Untracked 
| 140|0x0000000711800000, 0x0000000711a00000, 0x0000000711a00000|100%| O|  |TAMS 0x0000000711800000| PB 0x0000000711800000| Untracked 
| 141|0x0000000711a00000, 0x0000000711c00000, 0x0000000711c00000|100%| O|  |TAMS 0x0000000711a00000| PB 0x0000000711a00000| Untracked 
| 142|0x0000000711c00000, 0x0000000711e00000, 0x0000000711e00000|100%| O|  |TAMS 0x0000000711c00000| PB 0x0000000711c00000| Untracked 
| 143|0x0000000711e00000, 0x0000000712000000, 0x0000000712000000|100%| O|  |TAMS 0x0000000711e00000| PB 0x0000000711e00000| Untracked 
| 144|0x0000000712000000, 0x0000000712200000, 0x0000000712200000|100%| O|  |TAMS 0x0000000712000000| PB 0x0000000712000000| Untracked 
| 145|0x0000000712200000, 0x0000000712400000, 0x0000000712400000|100%| O|  |TAMS 0x0000000712200000| PB 0x0000000712200000| Untracked 
| 146|0x0000000712400000, 0x0000000712600000, 0x0000000712600000|100%| O|  |TAMS 0x0000000712400000| PB 0x0000000712400000| Untracked 
| 147|0x0000000712600000, 0x0000000712800000, 0x0000000712800000|100%| O|  |TAMS 0x0000000712600000| PB 0x0000000712600000| Untracked 
| 148|0x0000000712800000, 0x0000000712a00000, 0x0000000712a00000|100%| O|  |TAMS 0x0000000712800000| PB 0x0000000712800000| Untracked 
| 149|0x0000000712a00000, 0x0000000712c00000, 0x0000000712c00000|100%| O|  |TAMS 0x0000000712a00000| PB 0x0000000712a00000| Untracked 
| 150|0x0000000712c00000, 0x0000000712e00000, 0x0000000712e00000|100%| O|  |TAMS 0x0000000712c00000| PB 0x0000000712c00000| Untracked 
| 151|0x0000000712e00000, 0x0000000713000000, 0x0000000713000000|100%| O|  |TAMS 0x0000000712e00000| PB 0x0000000712e00000| Untracked 
| 152|0x0000000713000000, 0x0000000713200000, 0x0000000713200000|100%| O|  |TAMS 0x0000000713000000| PB 0x0000000713000000| Untracked 
| 153|0x0000000713200000, 0x0000000713400000, 0x0000000713400000|100%| O|  |TAMS 0x0000000713200000| PB 0x0000000713200000| Untracked 
| 154|0x0000000713400000, 0x0000000713600000, 0x0000000713600000|100%| O|  |TAMS 0x0000000713400000| PB 0x0000000713400000| Untracked 
| 155|0x0000000713600000, 0x0000000713800000, 0x0000000713800000|100%| O|  |TAMS 0x0000000713600000| PB 0x0000000713600000| Untracked 
| 156|0x0000000713800000, 0x0000000713a00000, 0x0000000713a00000|100%| O|  |TAMS 0x0000000713800000| PB 0x0000000713800000| Untracked 
| 157|0x0000000713a00000, 0x0000000713c00000, 0x0000000713c00000|100%| O|  |TAMS 0x0000000713a00000| PB 0x0000000713a00000| Untracked 
| 158|0x0000000713c00000, 0x0000000713e00000, 0x0000000713e00000|100%| O|  |TAMS 0x0000000713c00000| PB 0x0000000713c00000| Untracked 
| 159|0x0000000713e00000, 0x0000000714000000, 0x0000000714000000|100%| O|  |TAMS 0x0000000713e00000| PB 0x0000000713e00000| Untracked 
| 160|0x0000000714000000, 0x0000000714200000, 0x0000000714200000|100%| O|  |TAMS 0x0000000714000000| PB 0x0000000714000000| Untracked 
| 161|0x0000000714200000, 0x0000000714400000, 0x0000000714400000|100%| O|  |TAMS 0x0000000714200000| PB 0x0000000714200000| Untracked 
| 162|0x0000000714400000, 0x0000000714600000, 0x0000000714600000|100%| O|  |TAMS 0x0000000714400000| PB 0x0000000714400000| Untracked 
| 163|0x0000000714600000, 0x0000000714800000, 0x0000000714800000|100%| O|  |TAMS 0x0000000714600000| PB 0x0000000714600000| Untracked 
| 164|0x0000000714800000, 0x0000000714a00000, 0x0000000714a00000|100%| O|  |TAMS 0x0000000714800000| PB 0x0000000714800000| Untracked 
| 165|0x0000000714a00000, 0x0000000714c00000, 0x0000000714c00000|100%| O|  |TAMS 0x0000000714a00000| PB 0x0000000714a00000| Untracked 
| 166|0x0000000714c00000, 0x0000000714e00000, 0x0000000714e00000|100%| O|  |TAMS 0x0000000714c00000| PB 0x0000000714c00000| Untracked 
| 167|0x0000000714e00000, 0x0000000715000000, 0x0000000715000000|100%| O|  |TAMS 0x0000000714e00000| PB 0x0000000714e00000| Untracked 
| 168|0x0000000715000000, 0x0000000715200000, 0x0000000715200000|100%| O|  |TAMS 0x0000000715000000| PB 0x0000000715000000| Untracked 
| 169|0x0000000715200000, 0x0000000715400000, 0x0000000715400000|100%| O|  |TAMS 0x0000000715200000| PB 0x0000000715200000| Untracked 
| 170|0x0000000715400000, 0x0000000715600000, 0x0000000715600000|100%| O|  |TAMS 0x0000000715400000| PB 0x0000000715400000| Untracked 
| 171|0x0000000715600000, 0x0000000715800000, 0x0000000715800000|100%| O|  |TAMS 0x0000000715600000| PB 0x0000000715600000| Untracked 
| 172|0x0000000715800000, 0x0000000715a00000, 0x0000000715a00000|100%| O|  |TAMS 0x0000000715800000| PB 0x0000000715800000| Untracked 
| 173|0x0000000715a00000, 0x0000000715c00000, 0x0000000715c00000|100%| O|  |TAMS 0x0000000715a00000| PB 0x0000000715a00000| Untracked 
| 174|0x0000000715c00000, 0x0000000715e00000, 0x0000000715e00000|100%| O|  |TAMS 0x0000000715c00000| PB 0x0000000715c00000| Untracked 
| 175|0x0000000715e00000, 0x0000000716000000, 0x0000000716000000|100%| O|  |TAMS 0x0000000715e00000| PB 0x0000000715e00000| Untracked 
| 176|0x0000000716000000, 0x0000000716200000, 0x0000000716200000|100%| O|  |TAMS 0x0000000716000000| PB 0x0000000716000000| Untracked 
| 177|0x0000000716200000, 0x0000000716400000, 0x0000000716400000|100%| O|  |TAMS 0x0000000716200000| PB 0x0000000716200000| Untracked 
| 178|0x0000000716400000, 0x0000000716600000, 0x0000000716600000|100%| O|  |TAMS 0x0000000716400000| PB 0x0000000716400000| Untracked 
| 179|0x0000000716600000, 0x0000000716800000, 0x0000000716800000|100%| O|  |TAMS 0x0000000716600000| PB 0x0000000716600000| Untracked 
| 180|0x0000000716800000, 0x0000000716a00000, 0x0000000716a00000|100%| O|  |TAMS 0x0000000716800000| PB 0x0000000716800000| Untracked 
| 181|0x0000000716a00000, 0x0000000716c00000, 0x0000000716c00000|100%| O|  |TAMS 0x0000000716a00000| PB 0x0000000716a00000| Untracked 
| 182|0x0000000716c00000, 0x0000000716e00000, 0x0000000716e00000|100%| O|  |TAMS 0x0000000716c00000| PB 0x0000000716c00000| Untracked 
| 183|0x0000000716e00000, 0x0000000717000000, 0x0000000717000000|100%| O|  |TAMS 0x0000000716e00000| PB 0x0000000716e00000| Untracked 
| 184|0x0000000717000000, 0x0000000717200000, 0x0000000717200000|100%| O|  |TAMS 0x0000000717000000| PB 0x0000000717000000| Untracked 
| 185|0x0000000717200000, 0x0000000717400000, 0x0000000717400000|100%| O|  |TAMS 0x0000000717200000| PB 0x0000000717200000| Untracked 
| 186|0x0000000717400000, 0x0000000717600000, 0x0000000717600000|100%| O|  |TAMS 0x0000000717400000| PB 0x0000000717400000| Untracked 
| 187|0x0000000717600000, 0x0000000717800000, 0x0000000717800000|100%| O|  |TAMS 0x0000000717600000| PB 0x0000000717600000| Untracked 
| 188|0x0000000717800000, 0x0000000717a00000, 0x0000000717a00000|100%| O|  |TAMS 0x0000000717800000| PB 0x0000000717800000| Untracked 
| 189|0x0000000717a00000, 0x0000000717c00000, 0x0000000717c00000|100%| O|  |TAMS 0x0000000717a00000| PB 0x0000000717a00000| Untracked 
| 190|0x0000000717c00000, 0x0000000717e00000, 0x0000000717e00000|100%| O|  |TAMS 0x0000000717c00000| PB 0x0000000717c00000| Untracked 
| 191|0x0000000717e00000, 0x0000000718000000, 0x0000000718000000|100%| O|  |TAMS 0x0000000717e00000| PB 0x0000000717e00000| Untracked 
| 192|0x0000000718000000, 0x0000000718200000, 0x0000000718200000|100%| O|  |TAMS 0x0000000718000000| PB 0x0000000718000000| Untracked 
| 193|0x0000000718200000, 0x0000000718400000, 0x0000000718400000|100%| O|  |TAMS 0x0000000718200000| PB 0x0000000718200000| Untracked 
| 194|0x0000000718400000, 0x0000000718600000, 0x0000000718600000|100%| O|  |TAMS 0x0000000718400000| PB 0x0000000718400000| Untracked 
| 195|0x0000000718600000, 0x0000000718800000, 0x0000000718800000|100%| O|  |TAMS 0x0000000718600000| PB 0x0000000718600000| Untracked 
| 196|0x0000000718800000, 0x0000000718a00000, 0x0000000718a00000|100%| O|  |TAMS 0x0000000718800000| PB 0x0000000718800000| Untracked 
| 197|0x0000000718a00000, 0x0000000718c00000, 0x0000000718c00000|100%| O|  |TAMS 0x0000000718a00000| PB 0x0000000718a00000| Untracked 
| 198|0x0000000718c00000, 0x0000000718e00000, 0x0000000718e00000|100%|HS|  |TAMS 0x0000000718c00000| PB 0x0000000718c00000| Complete 
| 199|0x0000000718e00000, 0x0000000719000000, 0x0000000719000000|100%|HS|  |TAMS 0x0000000718e00000| PB 0x0000000718e00000| Complete 
| 200|0x0000000719000000, 0x0000000719200000, 0x0000000719200000|100%|HS|  |TAMS 0x0000000719000000| PB 0x0000000719000000| Complete 
| 201|0x0000000719200000, 0x0000000719400000, 0x0000000719400000|100%|HS|  |TAMS 0x0000000719200000| PB 0x0000000719200000| Complete 
| 202|0x0000000719400000, 0x0000000719600000, 0x0000000719600000|100%| O|  |TAMS 0x0000000719400000| PB 0x0000000719400000| Untracked 
| 203|0x0000000719600000, 0x0000000719800000, 0x0000000719800000|100%| O|  |TAMS 0x0000000719600000| PB 0x0000000719600000| Untracked 
| 204|0x0000000719800000, 0x0000000719a00000, 0x0000000719a00000|100%| O|  |TAMS 0x0000000719800000| PB 0x0000000719800000| Untracked 
| 205|0x0000000719a00000, 0x0000000719c00000, 0x0000000719c00000|100%| O|  |TAMS 0x0000000719a00000| PB 0x0000000719a00000| Untracked 
| 206|0x0000000719c00000, 0x0000000719e00000, 0x0000000719e00000|100%| O|  |TAMS 0x0000000719c00000| PB 0x0000000719c00000| Untracked 
| 207|0x0000000719e00000, 0x000000071a000000, 0x000000071a000000|100%| O|  |TAMS 0x0000000719e00000| PB 0x0000000719e00000| Untracked 
| 208|0x000000071a000000, 0x000000071a200000, 0x000000071a200000|100%| O|  |TAMS 0x000000071a000000| PB 0x000000071a000000| Untracked 
| 209|0x000000071a200000, 0x000000071a400000, 0x000000071a400000|100%| O|  |TAMS 0x000000071a200000| PB 0x000000071a200000| Untracked 
| 210|0x000000071a400000, 0x000000071a600000, 0x000000071a600000|100%| O|  |TAMS 0x000000071a400000| PB 0x000000071a400000| Untracked 
| 211|0x000000071a600000, 0x000000071a800000, 0x000000071a800000|100%| O|  |TAMS 0x000000071a600000| PB 0x000000071a600000| Untracked 
| 212|0x000000071a800000, 0x000000071aa00000, 0x000000071aa00000|100%| O|  |TAMS 0x000000071a800000| PB 0x000000071a800000| Untracked 
| 213|0x000000071aa00000, 0x000000071ac00000, 0x000000071ac00000|100%| O|  |TAMS 0x000000071aa00000| PB 0x000000071aa00000| Untracked 
| 214|0x000000071ac00000, 0x000000071ae00000, 0x000000071ae00000|100%| O|  |TAMS 0x000000071ac00000| PB 0x000000071ac00000| Untracked 
| 215|0x000000071ae00000, 0x000000071b000000, 0x000000071b000000|100%| O|  |TAMS 0x000000071ae00000| PB 0x000000071ae00000| Untracked 
| 216|0x000000071b000000, 0x000000071b200000, 0x000000071b200000|100%| O|  |TAMS 0x000000071b000000| PB 0x000000071b000000| Untracked 
| 217|0x000000071b200000, 0x000000071b400000, 0x000000071b400000|100%| O|  |TAMS 0x000000071b200000| PB 0x000000071b200000| Untracked 
| 218|0x000000071b400000, 0x000000071b600000, 0x000000071b600000|100%| O|  |TAMS 0x000000071b400000| PB 0x000000071b400000| Untracked 
| 219|0x000000071b600000, 0x000000071b800000, 0x000000071b800000|100%| O|  |TAMS 0x000000071b600000| PB 0x000000071b600000| Untracked 
| 220|0x000000071b800000, 0x000000071ba00000, 0x000000071ba00000|100%| O|  |TAMS 0x000000071b800000| PB 0x000000071b800000| Untracked 
| 221|0x000000071ba00000, 0x000000071bc00000, 0x000000071bc00000|100%| O|  |TAMS 0x000000071ba00000| PB 0x000000071ba00000| Untracked 
| 222|0x000000071bc00000, 0x000000071be00000, 0x000000071be00000|100%| O|  |TAMS 0x000000071bc00000| PB 0x000000071bc00000| Untracked 
| 223|0x000000071be00000, 0x000000071c000000, 0x000000071c000000|100%| O|  |TAMS 0x000000071be00000| PB 0x000000071be00000| Untracked 
| 224|0x000000071c000000, 0x000000071c200000, 0x000000071c200000|100%| O|  |TAMS 0x000000071c000000| PB 0x000000071c000000| Untracked 
| 225|0x000000071c200000, 0x000000071c400000, 0x000000071c400000|100%| O|  |TAMS 0x000000071c200000| PB 0x000000071c200000| Untracked 
| 226|0x000000071c400000, 0x000000071c600000, 0x000000071c600000|100%| O|  |TAMS 0x000000071c400000| PB 0x000000071c400000| Untracked 
| 227|0x000000071c600000, 0x000000071c800000, 0x000000071c800000|100%| O|  |TAMS 0x000000071c600000| PB 0x000000071c600000| Untracked 
| 228|0x000000071c800000, 0x000000071ca00000, 0x000000071ca00000|100%| O|  |TAMS 0x000000071c800000| PB 0x000000071c800000| Untracked 
| 229|0x000000071ca00000, 0x000000071cc00000, 0x000000071cc00000|100%| O|  |TAMS 0x000000071ca00000| PB 0x000000071ca00000| Untracked 
| 230|0x000000071cc00000, 0x000000071ce00000, 0x000000071ce00000|100%| O|  |TAMS 0x000000071cc00000| PB 0x000000071cc00000| Untracked 
| 231|0x000000071ce00000, 0x000000071d000000, 0x000000071d000000|100%| O|  |TAMS 0x000000071ce00000| PB 0x000000071ce00000| Untracked 
| 232|0x000000071d000000, 0x000000071d200000, 0x000000071d200000|100%| O|  |TAMS 0x000000071d000000| PB 0x000000071d000000| Untracked 
| 233|0x000000071d200000, 0x000000071d400000, 0x000000071d400000|100%| O|  |TAMS 0x000000071d200000| PB 0x000000071d200000| Untracked 
| 234|0x000000071d400000, 0x000000071d600000, 0x000000071d600000|100%| O|  |TAMS 0x000000071d400000| PB 0x000000071d400000| Untracked 
| 235|0x000000071d600000, 0x000000071d800000, 0x000000071d800000|100%| O|  |TAMS 0x000000071d600000| PB 0x000000071d600000| Untracked 
| 236|0x000000071d800000, 0x000000071da00000, 0x000000071da00000|100%| O|  |TAMS 0x000000071d800000| PB 0x000000071d800000| Untracked 
| 237|0x000000071da00000, 0x000000071dc00000, 0x000000071dc00000|100%| O|  |TAMS 0x000000071da00000| PB 0x000000071da00000| Untracked 
| 238|0x000000071dc00000, 0x000000071de00000, 0x000000071de00000|100%| O|  |TAMS 0x000000071dc00000| PB 0x000000071dc00000| Untracked 
| 239|0x000000071de00000, 0x000000071e000000, 0x000000071e000000|100%| O|  |TAMS 0x000000071de00000| PB 0x000000071de00000| Untracked 
| 240|0x000000071e000000, 0x000000071e200000, 0x000000071e200000|100%| O|  |TAMS 0x000000071e000000| PB 0x000000071e000000| Untracked 
| 241|0x000000071e200000, 0x000000071e400000, 0x000000071e400000|100%| O|  |TAMS 0x000000071e200000| PB 0x000000071e200000| Untracked 
| 242|0x000000071e400000, 0x000000071e600000, 0x000000071e600000|100%| O|  |TAMS 0x000000071e400000| PB 0x000000071e400000| Untracked 
| 243|0x000000071e600000, 0x000000071e800000, 0x000000071e800000|100%| O|  |TAMS 0x000000071e600000| PB 0x000000071e600000| Untracked 
| 244|0x000000071e800000, 0x000000071ea00000, 0x000000071ea00000|100%| O|  |TAMS 0x000000071e800000| PB 0x000000071e800000| Untracked 
| 245|0x000000071ea00000, 0x000000071ec00000, 0x000000071ec00000|100%| O|  |TAMS 0x000000071ea00000| PB 0x000000071ea00000| Untracked 
| 246|0x000000071ec00000, 0x000000071ee00000, 0x000000071ee00000|100%| O|  |TAMS 0x000000071ec00000| PB 0x000000071ec00000| Untracked 
| 247|0x000000071ee00000, 0x000000071f000000, 0x000000071f000000|100%| O|  |TAMS 0x000000071ee00000| PB 0x000000071ee00000| Untracked 
| 248|0x000000071f000000, 0x000000071f200000, 0x000000071f200000|100%| O|  |TAMS 0x000000071f000000| PB 0x000000071f000000| Untracked 
| 249|0x000000071f200000, 0x000000071f400000, 0x000000071f400000|100%| O|  |TAMS 0x000000071f200000| PB 0x000000071f200000| Untracked 
| 250|0x000000071f400000, 0x000000071f600000, 0x000000071f600000|100%| O|  |TAMS 0x000000071f400000| PB 0x000000071f400000| Untracked 
| 251|0x000000071f600000, 0x000000071f800000, 0x000000071f800000|100%| O|  |TAMS 0x000000071f600000| PB 0x000000071f600000| Untracked 
| 252|0x000000071f800000, 0x000000071fa00000, 0x000000071fa00000|100%| O|  |TAMS 0x000000071f800000| PB 0x000000071f800000| Untracked 
| 253|0x000000071fa00000, 0x000000071fc00000, 0x000000071fc00000|100%| O|  |TAMS 0x000000071fa00000| PB 0x000000071fa00000| Untracked 
| 254|0x000000071fc00000, 0x000000071fe00000, 0x000000071fe00000|100%|HS|  |TAMS 0x000000071fc00000| PB 0x000000071fc00000| Complete 
| 255|0x000000071fe00000, 0x0000000720000000, 0x0000000720000000|100%|HC|  |TAMS 0x000000071fe00000| PB 0x000000071fe00000| Complete 
| 256|0x0000000720000000, 0x0000000720200000, 0x0000000720200000|100%|HC|  |TAMS 0x0000000720000000| PB 0x0000000720000000| Complete 
| 257|0x0000000720200000, 0x0000000720400000, 0x0000000720400000|100%|HC|  |TAMS 0x0000000720200000| PB 0x0000000720200000| Complete 
| 258|0x0000000720400000, 0x0000000720600000, 0x0000000720600000|100%| O|  |TAMS 0x0000000720400000| PB 0x0000000720400000| Untracked 
| 259|0x0000000720600000, 0x0000000720800000, 0x0000000720800000|100%| O|  |TAMS 0x0000000720600000| PB 0x0000000720600000| Untracked 
| 260|0x0000000720800000, 0x0000000720a00000, 0x0000000720a00000|100%| O|  |TAMS 0x0000000720800000| PB 0x0000000720800000| Untracked 
| 261|0x0000000720a00000, 0x0000000720c00000, 0x0000000720c00000|100%| O|  |TAMS 0x0000000720a00000| PB 0x0000000720a00000| Untracked 
| 262|0x0000000720c00000, 0x0000000720e00000, 0x0000000720e00000|100%| O|  |TAMS 0x0000000720c00000| PB 0x0000000720c00000| Untracked 
| 263|0x0000000720e00000, 0x0000000721000000, 0x0000000721000000|100%| O|  |TAMS 0x0000000720e00000| PB 0x0000000720e00000| Untracked 
| 264|0x0000000721000000, 0x0000000721200000, 0x0000000721200000|100%| O|  |TAMS 0x0000000721000000| PB 0x0000000721000000| Untracked 
| 265|0x0000000721200000, 0x0000000721400000, 0x0000000721400000|100%| O|  |TAMS 0x0000000721200000| PB 0x0000000721200000| Untracked 
| 266|0x0000000721400000, 0x0000000721600000, 0x0000000721600000|100%|HS|  |TAMS 0x0000000721400000| PB 0x0000000721400000| Complete 
| 267|0x0000000721600000, 0x0000000721800000, 0x0000000721800000|100%| O|  |TAMS 0x0000000721600000| PB 0x0000000721600000| Untracked 
| 268|0x0000000721800000, 0x0000000721a00000, 0x0000000721a00000|100%| O|  |TAMS 0x0000000721800000| PB 0x0000000721800000| Untracked 
| 269|0x0000000721a00000, 0x0000000721c00000, 0x0000000721c00000|100%| O|  |TAMS 0x0000000721a00000| PB 0x0000000721a00000| Untracked 
| 270|0x0000000721c00000, 0x0000000721e00000, 0x0000000721e00000|100%| O|  |TAMS 0x0000000721c00000| PB 0x0000000721c00000| Untracked 
| 271|0x0000000721e00000, 0x0000000722000000, 0x0000000722000000|100%| O|  |TAMS 0x0000000721e00000| PB 0x0000000721e00000| Untracked 
| 272|0x0000000722000000, 0x0000000722200000, 0x0000000722200000|100%| O|  |TAMS 0x0000000722000000| PB 0x0000000722000000| Untracked 
| 273|0x0000000722200000, 0x0000000722400000, 0x0000000722400000|100%| O|  |TAMS 0x0000000722200000| PB 0x0000000722200000| Untracked 
| 274|0x0000000722400000, 0x0000000722600000, 0x0000000722600000|100%| O|  |TAMS 0x0000000722400000| PB 0x0000000722400000| Untracked 
| 275|0x0000000722600000, 0x0000000722800000, 0x0000000722800000|100%| O|  |TAMS 0x0000000722600000| PB 0x0000000722600000| Untracked 
| 276|0x0000000722800000, 0x0000000722a00000, 0x0000000722a00000|100%| O|  |TAMS 0x0000000722800000| PB 0x0000000722800000| Untracked 
| 277|0x0000000722a00000, 0x0000000722c00000, 0x0000000722c00000|100%| O|  |TAMS 0x0000000722a00000| PB 0x0000000722a00000| Untracked 
| 278|0x0000000722c00000, 0x0000000722d513e0, 0x0000000722e00000| 65%| O|  |TAMS 0x0000000722c00000| PB 0x0000000722c00000| Untracked 
| 279|0x0000000722e00000, 0x0000000722e00000, 0x0000000723000000|  0%| F|  |TAMS 0x0000000722e00000| PB 0x0000000722e00000| Untracked 
| 280|0x0000000723000000, 0x0000000723000000, 0x0000000723200000|  0%| F|  |TAMS 0x0000000723000000| PB 0x0000000723000000| Untracked 
| 281|0x0000000723200000, 0x0000000723200000, 0x0000000723400000|  0%| F|  |TAMS 0x0000000723200000| PB 0x0000000723200000| Untracked 
| 282|0x0000000723400000, 0x0000000723400000, 0x0000000723600000|  0%| F|  |TAMS 0x0000000723400000| PB 0x0000000723400000| Untracked 
| 283|0x0000000723600000, 0x0000000723600000, 0x0000000723800000|  0%| F|  |TAMS 0x0000000723600000| PB 0x0000000723600000| Untracked 
| 284|0x0000000723800000, 0x0000000723800000, 0x0000000723a00000|  0%| F|  |TAMS 0x0000000723800000| PB 0x0000000723800000| Untracked 
| 285|0x0000000723a00000, 0x0000000723a00000, 0x0000000723c00000|  0%| F|  |TAMS 0x0000000723a00000| PB 0x0000000723a00000| Untracked 
| 286|0x0000000723c00000, 0x0000000723c00000, 0x0000000723e00000|  0%| F|  |TAMS 0x0000000723c00000| PB 0x0000000723c00000| Untracked 
| 287|0x0000000723e00000, 0x0000000723e00000, 0x0000000724000000|  0%| F|  |TAMS 0x0000000723e00000| PB 0x0000000723e00000| Untracked 
| 288|0x0000000724000000, 0x0000000724000000, 0x0000000724200000|  0%| F|  |TAMS 0x0000000724000000| PB 0x0000000724000000| Untracked 
| 289|0x0000000724200000, 0x0000000724200000, 0x0000000724400000|  0%| F|  |TAMS 0x0000000724200000| PB 0x0000000724200000| Untracked 
| 290|0x0000000724400000, 0x0000000724400000, 0x0000000724600000|  0%| F|  |TAMS 0x0000000724400000| PB 0x0000000724400000| Untracked 
| 291|0x0000000724600000, 0x0000000724600000, 0x0000000724800000|  0%| F|  |TAMS 0x0000000724600000| PB 0x0000000724600000| Untracked 
| 292|0x0000000724800000, 0x0000000724800000, 0x0000000724a00000|  0%| F|  |TAMS 0x0000000724800000| PB 0x0000000724800000| Untracked 
| 293|0x0000000724a00000, 0x0000000724a00000, 0x0000000724c00000|  0%| F|  |TAMS 0x0000000724a00000| PB 0x0000000724a00000| Untracked 
| 294|0x0000000724c00000, 0x0000000724c00000, 0x0000000724e00000|  0%| F|  |TAMS 0x0000000724c00000| PB 0x0000000724c00000| Untracked 
| 295|0x0000000724e00000, 0x0000000724e00000, 0x0000000725000000|  0%| F|  |TAMS 0x0000000724e00000| PB 0x0000000724e00000| Untracked 
| 296|0x0000000725000000, 0x0000000725000000, 0x0000000725200000|  0%| F|  |TAMS 0x0000000725000000| PB 0x0000000725000000| Untracked 
| 297|0x0000000725200000, 0x0000000725200000, 0x0000000725400000|  0%| F|  |TAMS 0x0000000725200000| PB 0x0000000725200000| Untracked 
| 298|0x0000000725400000, 0x0000000725400000, 0x0000000725600000|  0%| F|  |TAMS 0x0000000725400000| PB 0x0000000725400000| Untracked 
| 299|0x0000000725600000, 0x0000000725600000, 0x0000000725800000|  0%| F|  |TAMS 0x0000000725600000| PB 0x0000000725600000| Untracked 
| 300|0x0000000725800000, 0x0000000725800000, 0x0000000725a00000|  0%| F|  |TAMS 0x0000000725800000| PB 0x0000000725800000| Untracked 
| 301|0x0000000725a00000, 0x0000000725a00000, 0x0000000725c00000|  0%| F|  |TAMS 0x0000000725a00000| PB 0x0000000725a00000| Untracked 
| 302|0x0000000725c00000, 0x0000000725c00000, 0x0000000725e00000|  0%| F|  |TAMS 0x0000000725c00000| PB 0x0000000725c00000| Untracked 
| 303|0x0000000725e00000, 0x0000000725e00000, 0x0000000726000000|  0%| F|  |TAMS 0x0000000725e00000| PB 0x0000000725e00000| Untracked 
| 304|0x0000000726000000, 0x0000000726000000, 0x0000000726200000|  0%| F|  |TAMS 0x0000000726000000| PB 0x0000000726000000| Untracked 
| 305|0x0000000726200000, 0x0000000726200000, 0x0000000726400000|  0%| F|  |TAMS 0x0000000726200000| PB 0x0000000726200000| Untracked 
| 306|0x0000000726400000, 0x0000000726400000, 0x0000000726600000|  0%| F|  |TAMS 0x0000000726400000| PB 0x0000000726400000| Untracked 
| 307|0x0000000726600000, 0x0000000726600000, 0x0000000726800000|  0%| F|  |TAMS 0x0000000726600000| PB 0x0000000726600000| Untracked 
| 308|0x0000000726800000, 0x0000000726800000, 0x0000000726a00000|  0%| F|  |TAMS 0x0000000726800000| PB 0x0000000726800000| Untracked 
| 309|0x0000000726a00000, 0x0000000726a00000, 0x0000000726c00000|  0%| F|  |TAMS 0x0000000726a00000| PB 0x0000000726a00000| Untracked 
| 310|0x0000000726c00000, 0x0000000726c00000, 0x0000000726e00000|  0%| F|  |TAMS 0x0000000726c00000| PB 0x0000000726c00000| Untracked 
| 311|0x0000000726e00000, 0x0000000726e00000, 0x0000000727000000|  0%| F|  |TAMS 0x0000000726e00000| PB 0x0000000726e00000| Untracked 
| 312|0x0000000727000000, 0x0000000727000000, 0x0000000727200000|  0%| F|  |TAMS 0x0000000727000000| PB 0x0000000727000000| Untracked 
| 313|0x0000000727200000, 0x0000000727200000, 0x0000000727400000|  0%| F|  |TAMS 0x0000000727200000| PB 0x0000000727200000| Untracked 
| 314|0x0000000727400000, 0x0000000727400000, 0x0000000727600000|  0%| F|  |TAMS 0x0000000727400000| PB 0x0000000727400000| Untracked 
| 315|0x0000000727600000, 0x0000000727600000, 0x0000000727800000|  0%| F|  |TAMS 0x0000000727600000| PB 0x0000000727600000| Untracked 
| 316|0x0000000727800000, 0x0000000727800000, 0x0000000727a00000|  0%| F|  |TAMS 0x0000000727800000| PB 0x0000000727800000| Untracked 
| 317|0x0000000727a00000, 0x0000000727a00000, 0x0000000727c00000|  0%| F|  |TAMS 0x0000000727a00000| PB 0x0000000727a00000| Untracked 
| 318|0x0000000727c00000, 0x0000000727c00000, 0x0000000727e00000|  0%| F|  |TAMS 0x0000000727c00000| PB 0x0000000727c00000| Untracked 
| 319|0x0000000727e00000, 0x0000000727e00000, 0x0000000728000000|  0%| F|  |TAMS 0x0000000727e00000| PB 0x0000000727e00000| Untracked 
| 320|0x0000000728000000, 0x0000000728000000, 0x0000000728200000|  0%| F|  |TAMS 0x0000000728000000| PB 0x0000000728000000| Untracked 
| 321|0x0000000728200000, 0x0000000728200000, 0x0000000728400000|  0%| F|  |TAMS 0x0000000728200000| PB 0x0000000728200000| Untracked 
| 322|0x0000000728400000, 0x0000000728400000, 0x0000000728600000|  0%| F|  |TAMS 0x0000000728400000| PB 0x0000000728400000| Untracked 
| 323|0x0000000728600000, 0x0000000728600000, 0x0000000728800000|  0%| F|  |TAMS 0x0000000728600000| PB 0x0000000728600000| Untracked 
| 324|0x0000000728800000, 0x0000000728800000, 0x0000000728a00000|  0%| F|  |TAMS 0x0000000728800000| PB 0x0000000728800000| Untracked 
| 325|0x0000000728a00000, 0x0000000728a00000, 0x0000000728c00000|  0%| F|  |TAMS 0x0000000728a00000| PB 0x0000000728a00000| Untracked 
| 326|0x0000000728c00000, 0x0000000728c00000, 0x0000000728e00000|  0%| F|  |TAMS 0x0000000728c00000| PB 0x0000000728c00000| Untracked 
| 327|0x0000000728e00000, 0x0000000728e00000, 0x0000000729000000|  0%| F|  |TAMS 0x0000000728e00000| PB 0x0000000728e00000| Untracked 
| 328|0x0000000729000000, 0x0000000729000000, 0x0000000729200000|  0%| F|  |TAMS 0x0000000729000000| PB 0x0000000729000000| Untracked 
| 329|0x0000000729200000, 0x0000000729200000, 0x0000000729400000|  0%| F|  |TAMS 0x0000000729200000| PB 0x0000000729200000| Untracked 
| 330|0x0000000729400000, 0x0000000729400000, 0x0000000729600000|  0%| F|  |TAMS 0x0000000729400000| PB 0x0000000729400000| Untracked 
| 331|0x0000000729600000, 0x0000000729600000, 0x0000000729800000|  0%| F|  |TAMS 0x0000000729600000| PB 0x0000000729600000| Untracked 
| 332|0x0000000729800000, 0x0000000729800000, 0x0000000729a00000|  0%| F|  |TAMS 0x0000000729800000| PB 0x0000000729800000| Untracked 
| 333|0x0000000729a00000, 0x0000000729a00000, 0x0000000729c00000|  0%| F|  |TAMS 0x0000000729a00000| PB 0x0000000729a00000| Untracked 
| 334|0x0000000729c00000, 0x0000000729c00000, 0x0000000729e00000|  0%| F|  |TAMS 0x0000000729c00000| PB 0x0000000729c00000| Untracked 
| 335|0x0000000729e00000, 0x0000000729e00000, 0x000000072a000000|  0%| F|  |TAMS 0x0000000729e00000| PB 0x0000000729e00000| Untracked 
| 336|0x000000072a000000, 0x000000072a000000, 0x000000072a200000|  0%| F|  |TAMS 0x000000072a000000| PB 0x000000072a000000| Untracked 
| 337|0x000000072a200000, 0x000000072a200000, 0x000000072a400000|  0%| F|  |TAMS 0x000000072a200000| PB 0x000000072a200000| Untracked 
| 338|0x000000072a400000, 0x000000072a400000, 0x000000072a600000|  0%| F|  |TAMS 0x000000072a400000| PB 0x000000072a400000| Untracked 
| 339|0x000000072a600000, 0x000000072a600000, 0x000000072a800000|  0%| F|  |TAMS 0x000000072a600000| PB 0x000000072a600000| Untracked 
| 340|0x000000072a800000, 0x000000072a800000, 0x000000072aa00000|  0%| F|  |TAMS 0x000000072a800000| PB 0x000000072a800000| Untracked 
| 341|0x000000072aa00000, 0x000000072aa00000, 0x000000072ac00000|  0%| F|  |TAMS 0x000000072aa00000| PB 0x000000072aa00000| Untracked 
| 342|0x000000072ac00000, 0x000000072ac00000, 0x000000072ae00000|  0%| F|  |TAMS 0x000000072ac00000| PB 0x000000072ac00000| Untracked 
| 343|0x000000072ae00000, 0x000000072ae00000, 0x000000072b000000|  0%| F|  |TAMS 0x000000072ae00000| PB 0x000000072ae00000| Untracked 
| 344|0x000000072b000000, 0x000000072b000000, 0x000000072b200000|  0%| F|  |TAMS 0x000000072b000000| PB 0x000000072b000000| Untracked 
| 345|0x000000072b200000, 0x000000072b200000, 0x000000072b400000|  0%| F|  |TAMS 0x000000072b200000| PB 0x000000072b200000| Untracked 
| 346|0x000000072b400000, 0x000000072b400000, 0x000000072b600000|  0%| F|  |TAMS 0x000000072b400000| PB 0x000000072b400000| Untracked 
| 347|0x000000072b600000, 0x000000072b600000, 0x000000072b800000|  0%| F|  |TAMS 0x000000072b600000| PB 0x000000072b600000| Untracked 
| 348|0x000000072b800000, 0x000000072b800000, 0x000000072ba00000|  0%| F|  |TAMS 0x000000072b800000| PB 0x000000072b800000| Untracked 
| 349|0x000000072ba00000, 0x000000072ba00000, 0x000000072bc00000|  0%| F|  |TAMS 0x000000072ba00000| PB 0x000000072ba00000| Untracked 
| 350|0x000000072bc00000, 0x000000072bc00000, 0x000000072be00000|  0%| F|  |TAMS 0x000000072bc00000| PB 0x000000072bc00000| Untracked 
| 351|0x000000072be00000, 0x000000072be00000, 0x000000072c000000|  0%| F|  |TAMS 0x000000072be00000| PB 0x000000072be00000| Untracked 
| 352|0x000000072c000000, 0x000000072c000000, 0x000000072c200000|  0%| F|  |TAMS 0x000000072c000000| PB 0x000000072c000000| Untracked 
| 353|0x000000072c200000, 0x000000072c200000, 0x000000072c400000|  0%| F|  |TAMS 0x000000072c200000| PB 0x000000072c200000| Untracked 
| 354|0x000000072c400000, 0x000000072c400000, 0x000000072c600000|  0%| F|  |TAMS 0x000000072c400000| PB 0x000000072c400000| Untracked 
| 355|0x000000072c600000, 0x000000072c600000, 0x000000072c800000|  0%| F|  |TAMS 0x000000072c600000| PB 0x000000072c600000| Untracked 
| 356|0x000000072c800000, 0x000000072c800000, 0x000000072ca00000|  0%| F|  |TAMS 0x000000072c800000| PB 0x000000072c800000| Untracked 
| 357|0x000000072ca00000, 0x000000072ca00000, 0x000000072cc00000|  0%| F|  |TAMS 0x000000072ca00000| PB 0x000000072ca00000| Untracked 
| 358|0x000000072cc00000, 0x000000072cc00000, 0x000000072ce00000|  0%| F|  |TAMS 0x000000072cc00000| PB 0x000000072cc00000| Untracked 
| 359|0x000000072ce00000, 0x000000072ce00000, 0x000000072d000000|  0%| F|  |TAMS 0x000000072ce00000| PB 0x000000072ce00000| Untracked 
| 360|0x000000072d000000, 0x000000072d000000, 0x000000072d200000|  0%| F|  |TAMS 0x000000072d000000| PB 0x000000072d000000| Untracked 
| 361|0x000000072d200000, 0x000000072d200000, 0x000000072d400000|  0%| F|  |TAMS 0x000000072d200000| PB 0x000000072d200000| Untracked 
| 362|0x000000072d400000, 0x000000072d400000, 0x000000072d600000|  0%| F|  |TAMS 0x000000072d400000| PB 0x000000072d400000| Untracked 
| 363|0x000000072d600000, 0x000000072d600000, 0x000000072d800000|  0%| F|  |TAMS 0x000000072d600000| PB 0x000000072d600000| Untracked 
| 364|0x000000072d800000, 0x000000072d800000, 0x000000072da00000|  0%| F|  |TAMS 0x000000072d800000| PB 0x000000072d800000| Untracked 
| 365|0x000000072da00000, 0x000000072da00000, 0x000000072dc00000|  0%| F|  |TAMS 0x000000072da00000| PB 0x000000072da00000| Untracked 
| 366|0x000000072dc00000, 0x000000072dc00000, 0x000000072de00000|  0%| F|  |TAMS 0x000000072dc00000| PB 0x000000072dc00000| Untracked 
| 367|0x000000072de00000, 0x000000072de00000, 0x000000072e000000|  0%| F|  |TAMS 0x000000072de00000| PB 0x000000072de00000| Untracked 
| 368|0x000000072e000000, 0x000000072e000000, 0x000000072e200000|  0%| F|  |TAMS 0x000000072e000000| PB 0x000000072e000000| Untracked 
| 369|0x000000072e200000, 0x000000072e200000, 0x000000072e400000|  0%| F|  |TAMS 0x000000072e200000| PB 0x000000072e200000| Untracked 
| 370|0x000000072e400000, 0x000000072e400000, 0x000000072e600000|  0%| F|  |TAMS 0x000000072e400000| PB 0x000000072e400000| Untracked 
| 371|0x000000072e600000, 0x000000072e600000, 0x000000072e800000|  0%| F|  |TAMS 0x000000072e600000| PB 0x000000072e600000| Untracked 
| 372|0x000000072e800000, 0x000000072e800000, 0x000000072ea00000|  0%| F|  |TAMS 0x000000072e800000| PB 0x000000072e800000| Untracked 
| 373|0x000000072ea00000, 0x000000072ea00000, 0x000000072ec00000|  0%| F|  |TAMS 0x000000072ea00000| PB 0x000000072ea00000| Untracked 
| 374|0x000000072ec00000, 0x000000072ec00000, 0x000000072ee00000|  0%| F|  |TAMS 0x000000072ec00000| PB 0x000000072ec00000| Untracked 
| 375|0x000000072ee00000, 0x000000072ee00000, 0x000000072f000000|  0%| F|  |TAMS 0x000000072ee00000| PB 0x000000072ee00000| Untracked 
| 376|0x000000072f000000, 0x000000072f000000, 0x000000072f200000|  0%| F|  |TAMS 0x000000072f000000| PB 0x000000072f000000| Untracked 
| 377|0x000000072f200000, 0x000000072f200000, 0x000000072f400000|  0%| F|  |TAMS 0x000000072f200000| PB 0x000000072f200000| Untracked 
| 378|0x000000072f400000, 0x000000072f400000, 0x000000072f600000|  0%| F|  |TAMS 0x000000072f400000| PB 0x000000072f400000| Untracked 
| 379|0x000000072f600000, 0x000000072f600000, 0x000000072f800000|  0%| F|  |TAMS 0x000000072f600000| PB 0x000000072f600000| Untracked 
| 380|0x000000072f800000, 0x000000072f800000, 0x000000072fa00000|  0%| F|  |TAMS 0x000000072f800000| PB 0x000000072f800000| Untracked 
| 381|0x000000072fa00000, 0x000000072fa00000, 0x000000072fc00000|  0%| F|  |TAMS 0x000000072fa00000| PB 0x000000072fa00000| Untracked 
| 382|0x000000072fc00000, 0x000000072fc00000, 0x000000072fe00000|  0%| F|  |TAMS 0x000000072fc00000| PB 0x000000072fc00000| Untracked 
| 383|0x000000072fe00000, 0x000000072fe00000, 0x0000000730000000|  0%| F|  |TAMS 0x000000072fe00000| PB 0x000000072fe00000| Untracked 
| 384|0x0000000730000000, 0x0000000730000000, 0x0000000730200000|  0%| F|  |TAMS 0x0000000730000000| PB 0x0000000730000000| Untracked 
| 385|0x0000000730200000, 0x0000000730200000, 0x0000000730400000|  0%| F|  |TAMS 0x0000000730200000| PB 0x0000000730200000| Untracked 
| 386|0x0000000730400000, 0x0000000730400000, 0x0000000730600000|  0%| F|  |TAMS 0x0000000730400000| PB 0x0000000730400000| Untracked 
| 387|0x0000000730600000, 0x0000000730600000, 0x0000000730800000|  0%| F|  |TAMS 0x0000000730600000| PB 0x0000000730600000| Untracked 
| 388|0x0000000730800000, 0x0000000730800000, 0x0000000730a00000|  0%| F|  |TAMS 0x0000000730800000| PB 0x0000000730800000| Untracked 
| 389|0x0000000730a00000, 0x0000000730a00000, 0x0000000730c00000|  0%| F|  |TAMS 0x0000000730a00000| PB 0x0000000730a00000| Untracked 
| 390|0x0000000730c00000, 0x0000000730c00000, 0x0000000730e00000|  0%| F|  |TAMS 0x0000000730c00000| PB 0x0000000730c00000| Untracked 
| 391|0x0000000730e00000, 0x0000000730e00000, 0x0000000731000000|  0%| F|  |TAMS 0x0000000730e00000| PB 0x0000000730e00000| Untracked 
| 392|0x0000000731000000, 0x0000000731000000, 0x0000000731200000|  0%| F|  |TAMS 0x0000000731000000| PB 0x0000000731000000| Untracked 
| 393|0x0000000731200000, 0x0000000731200000, 0x0000000731400000|  0%| F|  |TAMS 0x0000000731200000| PB 0x0000000731200000| Untracked 
| 394|0x0000000731400000, 0x0000000731400000, 0x0000000731600000|  0%| F|  |TAMS 0x0000000731400000| PB 0x0000000731400000| Untracked 
| 395|0x0000000731600000, 0x0000000731600000, 0x0000000731800000|  0%| F|  |TAMS 0x0000000731600000| PB 0x0000000731600000| Untracked 
| 396|0x0000000731800000, 0x0000000731800000, 0x0000000731a00000|  0%| F|  |TAMS 0x0000000731800000| PB 0x0000000731800000| Untracked 
| 397|0x0000000731a00000, 0x0000000731a00000, 0x0000000731c00000|  0%| F|  |TAMS 0x0000000731a00000| PB 0x0000000731a00000| Untracked 
| 398|0x0000000731c00000, 0x0000000731c00000, 0x0000000731e00000|  0%| F|  |TAMS 0x0000000731c00000| PB 0x0000000731c00000| Untracked 
| 399|0x0000000731e00000, 0x0000000731e00000, 0x0000000732000000|  0%| F|  |TAMS 0x0000000731e00000| PB 0x0000000731e00000| Untracked 
| 400|0x0000000732000000, 0x0000000732000000, 0x0000000732200000|  0%| F|  |TAMS 0x0000000732000000| PB 0x0000000732000000| Untracked 
| 401|0x0000000732200000, 0x0000000732200000, 0x0000000732400000|  0%| F|  |TAMS 0x0000000732200000| PB 0x0000000732200000| Untracked 
| 402|0x0000000732400000, 0x0000000732400000, 0x0000000732600000|  0%| F|  |TAMS 0x0000000732400000| PB 0x0000000732400000| Untracked 
| 403|0x0000000732600000, 0x0000000732600000, 0x0000000732800000|  0%| F|  |TAMS 0x0000000732600000| PB 0x0000000732600000| Untracked 
| 404|0x0000000732800000, 0x0000000732800000, 0x0000000732a00000|  0%| F|  |TAMS 0x0000000732800000| PB 0x0000000732800000| Untracked 
| 405|0x0000000732a00000, 0x0000000732a00000, 0x0000000732c00000|  0%| F|  |TAMS 0x0000000732a00000| PB 0x0000000732a00000| Untracked 
| 406|0x0000000732c00000, 0x0000000732c00000, 0x0000000732e00000|  0%| F|  |TAMS 0x0000000732c00000| PB 0x0000000732c00000| Untracked 
| 407|0x0000000732e00000, 0x0000000732e00000, 0x0000000733000000|  0%| F|  |TAMS 0x0000000732e00000| PB 0x0000000732e00000| Untracked 
| 408|0x0000000733000000, 0x0000000733000000, 0x0000000733200000|  0%| F|  |TAMS 0x0000000733000000| PB 0x0000000733000000| Untracked 
| 409|0x0000000733200000, 0x0000000733200000, 0x0000000733400000|  0%| F|  |TAMS 0x0000000733200000| PB 0x0000000733200000| Untracked 
| 410|0x0000000733400000, 0x0000000733400000, 0x0000000733600000|  0%| F|  |TAMS 0x0000000733400000| PB 0x0000000733400000| Untracked 
| 411|0x0000000733600000, 0x0000000733600000, 0x0000000733800000|  0%| F|  |TAMS 0x0000000733600000| PB 0x0000000733600000| Untracked 
| 412|0x0000000733800000, 0x0000000733800000, 0x0000000733a00000|  0%| F|  |TAMS 0x0000000733800000| PB 0x0000000733800000| Untracked 
| 413|0x0000000733a00000, 0x0000000733a00000, 0x0000000733c00000|  0%| F|  |TAMS 0x0000000733a00000| PB 0x0000000733a00000| Untracked 
| 414|0x0000000733c00000, 0x0000000733c00000, 0x0000000733e00000|  0%| F|  |TAMS 0x0000000733c00000| PB 0x0000000733c00000| Untracked 
| 415|0x0000000733e00000, 0x0000000733e00000, 0x0000000734000000|  0%| F|  |TAMS 0x0000000733e00000| PB 0x0000000733e00000| Untracked 
| 416|0x0000000734000000, 0x0000000734000000, 0x0000000734200000|  0%| F|  |TAMS 0x0000000734000000| PB 0x0000000734000000| Untracked 
| 417|0x0000000734200000, 0x0000000734200000, 0x0000000734400000|  0%| F|  |TAMS 0x0000000734200000| PB 0x0000000734200000| Untracked 
| 418|0x0000000734400000, 0x0000000734400000, 0x0000000734600000|  0%| F|  |TAMS 0x0000000734400000| PB 0x0000000734400000| Untracked 
| 419|0x0000000734600000, 0x0000000734600000, 0x0000000734800000|  0%| F|  |TAMS 0x0000000734600000| PB 0x0000000734600000| Untracked 
| 420|0x0000000734800000, 0x0000000734800000, 0x0000000734a00000|  0%| F|  |TAMS 0x0000000734800000| PB 0x0000000734800000| Untracked 
| 421|0x0000000734a00000, 0x0000000734a00000, 0x0000000734c00000|  0%| F|  |TAMS 0x0000000734a00000| PB 0x0000000734a00000| Untracked 
| 422|0x0000000734c00000, 0x0000000734c00000, 0x0000000734e00000|  0%| F|  |TAMS 0x0000000734c00000| PB 0x0000000734c00000| Untracked 
| 423|0x0000000734e00000, 0x0000000734e00000, 0x0000000735000000|  0%| F|  |TAMS 0x0000000734e00000| PB 0x0000000734e00000| Untracked 
| 424|0x0000000735000000, 0x0000000735000000, 0x0000000735200000|  0%| F|  |TAMS 0x0000000735000000| PB 0x0000000735000000| Untracked 
| 425|0x0000000735200000, 0x0000000735200000, 0x0000000735400000|  0%| F|  |TAMS 0x0000000735200000| PB 0x0000000735200000| Untracked 
| 426|0x0000000735400000, 0x0000000735400000, 0x0000000735600000|  0%| F|  |TAMS 0x0000000735400000| PB 0x0000000735400000| Untracked 
| 427|0x0000000735600000, 0x0000000735600000, 0x0000000735800000|  0%| F|  |TAMS 0x0000000735600000| PB 0x0000000735600000| Untracked 
| 428|0x0000000735800000, 0x0000000735800000, 0x0000000735a00000|  0%| F|  |TAMS 0x0000000735800000| PB 0x0000000735800000| Untracked 
| 429|0x0000000735a00000, 0x0000000735a00000, 0x0000000735c00000|  0%| F|  |TAMS 0x0000000735a00000| PB 0x0000000735a00000| Untracked 
| 430|0x0000000735c00000, 0x0000000735c00000, 0x0000000735e00000|  0%| F|  |TAMS 0x0000000735c00000| PB 0x0000000735c00000| Untracked 
| 431|0x0000000735e00000, 0x0000000735e00000, 0x0000000736000000|  0%| F|  |TAMS 0x0000000735e00000| PB 0x0000000735e00000| Untracked 
| 432|0x0000000736000000, 0x0000000736000000, 0x0000000736200000|  0%| F|  |TAMS 0x0000000736000000| PB 0x0000000736000000| Untracked 
| 433|0x0000000736200000, 0x0000000736200000, 0x0000000736400000|  0%| F|  |TAMS 0x0000000736200000| PB 0x0000000736200000| Untracked 
| 434|0x0000000736400000, 0x0000000736400000, 0x0000000736600000|  0%| F|  |TAMS 0x0000000736400000| PB 0x0000000736400000| Untracked 
| 435|0x0000000736600000, 0x0000000736600000, 0x0000000736800000|  0%| F|  |TAMS 0x0000000736600000| PB 0x0000000736600000| Untracked 
| 436|0x0000000736800000, 0x0000000736800000, 0x0000000736a00000|  0%| F|  |TAMS 0x0000000736800000| PB 0x0000000736800000| Untracked 
| 437|0x0000000736a00000, 0x0000000736a00000, 0x0000000736c00000|  0%| F|  |TAMS 0x0000000736a00000| PB 0x0000000736a00000| Untracked 
| 438|0x0000000736c00000, 0x0000000736c00000, 0x0000000736e00000|  0%| F|  |TAMS 0x0000000736c00000| PB 0x0000000736c00000| Untracked 
| 439|0x0000000736e00000, 0x0000000736e00000, 0x0000000737000000|  0%| F|  |TAMS 0x0000000736e00000| PB 0x0000000736e00000| Untracked 
| 440|0x0000000737000000, 0x0000000737000000, 0x0000000737200000|  0%| F|  |TAMS 0x0000000737000000| PB 0x0000000737000000| Untracked 
| 441|0x0000000737200000, 0x0000000737200000, 0x0000000737400000|  0%| F|  |TAMS 0x0000000737200000| PB 0x0000000737200000| Untracked 
| 442|0x0000000737400000, 0x0000000737400000, 0x0000000737600000|  0%| F|  |TAMS 0x0000000737400000| PB 0x0000000737400000| Untracked 
| 443|0x0000000737600000, 0x0000000737600000, 0x0000000737800000|  0%| F|  |TAMS 0x0000000737600000| PB 0x0000000737600000| Untracked 
| 444|0x0000000737800000, 0x0000000737800000, 0x0000000737a00000|  0%| F|  |TAMS 0x0000000737800000| PB 0x0000000737800000| Untracked 
| 445|0x0000000737a00000, 0x0000000737a00000, 0x0000000737c00000|  0%| F|  |TAMS 0x0000000737a00000| PB 0x0000000737a00000| Untracked 
| 446|0x0000000737c00000, 0x0000000737c00000, 0x0000000737e00000|  0%| F|  |TAMS 0x0000000737c00000| PB 0x0000000737c00000| Untracked 
| 447|0x0000000737e00000, 0x0000000737e00000, 0x0000000738000000|  0%| F|  |TAMS 0x0000000737e00000| PB 0x0000000737e00000| Untracked 
| 448|0x0000000738000000, 0x0000000738000000, 0x0000000738200000|  0%| F|  |TAMS 0x0000000738000000| PB 0x0000000738000000| Untracked 
| 449|0x0000000738200000, 0x0000000738200000, 0x0000000738400000|  0%| F|  |TAMS 0x0000000738200000| PB 0x0000000738200000| Untracked 
| 450|0x0000000738400000, 0x0000000738400000, 0x0000000738600000|  0%| F|  |TAMS 0x0000000738400000| PB 0x0000000738400000| Untracked 
| 451|0x0000000738600000, 0x0000000738600000, 0x0000000738800000|  0%| F|  |TAMS 0x0000000738600000| PB 0x0000000738600000| Untracked 
| 452|0x0000000738800000, 0x0000000738800000, 0x0000000738a00000|  0%| F|  |TAMS 0x0000000738800000| PB 0x0000000738800000| Untracked 
| 453|0x0000000738a00000, 0x0000000738a00000, 0x0000000738c00000|  0%| F|  |TAMS 0x0000000738a00000| PB 0x0000000738a00000| Untracked 
| 454|0x0000000738c00000, 0x0000000738c00000, 0x0000000738e00000|  0%| F|  |TAMS 0x0000000738c00000| PB 0x0000000738c00000| Untracked 
| 455|0x0000000738e00000, 0x0000000738e00000, 0x0000000739000000|  0%| F|  |TAMS 0x0000000738e00000| PB 0x0000000738e00000| Untracked 
| 456|0x0000000739000000, 0x0000000739000000, 0x0000000739200000|  0%| F|  |TAMS 0x0000000739000000| PB 0x0000000739000000| Untracked 
| 457|0x0000000739200000, 0x0000000739200000, 0x0000000739400000|  0%| F|  |TAMS 0x0000000739200000| PB 0x0000000739200000| Untracked 
| 458|0x0000000739400000, 0x0000000739400000, 0x0000000739600000|  0%| F|  |TAMS 0x0000000739400000| PB 0x0000000739400000| Untracked 
| 459|0x0000000739600000, 0x0000000739600000, 0x0000000739800000|  0%| F|  |TAMS 0x0000000739600000| PB 0x0000000739600000| Untracked 
| 460|0x0000000739800000, 0x0000000739800000, 0x0000000739a00000|  0%| F|  |TAMS 0x0000000739800000| PB 0x0000000739800000| Untracked 
| 461|0x0000000739a00000, 0x0000000739a00000, 0x0000000739c00000|  0%| F|  |TAMS 0x0000000739a00000| PB 0x0000000739a00000| Untracked 
| 462|0x0000000739c00000, 0x0000000739c00000, 0x0000000739e00000|  0%| F|  |TAMS 0x0000000739c00000| PB 0x0000000739c00000| Untracked 
| 463|0x0000000739e00000, 0x0000000739e00000, 0x000000073a000000|  0%| F|  |TAMS 0x0000000739e00000| PB 0x0000000739e00000| Untracked 
| 464|0x000000073a000000, 0x000000073a000000, 0x000000073a200000|  0%| F|  |TAMS 0x000000073a000000| PB 0x000000073a000000| Untracked 
| 465|0x000000073a200000, 0x000000073a200000, 0x000000073a400000|  0%| F|  |TAMS 0x000000073a200000| PB 0x000000073a200000| Untracked 
| 466|0x000000073a400000, 0x000000073a400000, 0x000000073a600000|  0%| F|  |TAMS 0x000000073a400000| PB 0x000000073a400000| Untracked 
| 467|0x000000073a600000, 0x000000073a600000, 0x000000073a800000|  0%| F|  |TAMS 0x000000073a600000| PB 0x000000073a600000| Untracked 
| 468|0x000000073a800000, 0x000000073a800000, 0x000000073aa00000|  0%| F|  |TAMS 0x000000073a800000| PB 0x000000073a800000| Untracked 
| 469|0x000000073aa00000, 0x000000073aa00000, 0x000000073ac00000|  0%| F|  |TAMS 0x000000073aa00000| PB 0x000000073aa00000| Untracked 
| 470|0x000000073ac00000, 0x000000073ac00000, 0x000000073ae00000|  0%| F|  |TAMS 0x000000073ac00000| PB 0x000000073ac00000| Untracked 
| 471|0x000000073ae00000, 0x000000073ae00000, 0x000000073b000000|  0%| F|  |TAMS 0x000000073ae00000| PB 0x000000073ae00000| Untracked 
| 472|0x000000073b000000, 0x000000073b000000, 0x000000073b200000|  0%| F|  |TAMS 0x000000073b000000| PB 0x000000073b000000| Untracked 
| 473|0x000000073b200000, 0x000000073b200000, 0x000000073b400000|  0%| F|  |TAMS 0x000000073b200000| PB 0x000000073b200000| Untracked 
| 474|0x000000073b400000, 0x000000073b400000, 0x000000073b600000|  0%| F|  |TAMS 0x000000073b400000| PB 0x000000073b400000| Untracked 
| 475|0x000000073b600000, 0x000000073b600000, 0x000000073b800000|  0%| F|  |TAMS 0x000000073b600000| PB 0x000000073b600000| Untracked 
| 476|0x000000073b800000, 0x000000073b800000, 0x000000073ba00000|  0%| F|  |TAMS 0x000000073b800000| PB 0x000000073b800000| Untracked 
| 477|0x000000073ba00000, 0x000000073ba00000, 0x000000073bc00000|  0%| F|  |TAMS 0x000000073ba00000| PB 0x000000073ba00000| Untracked 
| 478|0x000000073bc00000, 0x000000073bc00000, 0x000000073be00000|  0%| F|  |TAMS 0x000000073bc00000| PB 0x000000073bc00000| Untracked 
| 479|0x000000073be00000, 0x000000073be00000, 0x000000073c000000|  0%| F|  |TAMS 0x000000073be00000| PB 0x000000073be00000| Untracked 
| 480|0x000000073c000000, 0x000000073c000000, 0x000000073c200000|  0%| F|  |TAMS 0x000000073c000000| PB 0x000000073c000000| Untracked 
| 481|0x000000073c200000, 0x000000073c200000, 0x000000073c400000|  0%| F|  |TAMS 0x000000073c200000| PB 0x000000073c200000| Untracked 
| 482|0x000000073c400000, 0x000000073c400000, 0x000000073c600000|  0%| F|  |TAMS 0x000000073c400000| PB 0x000000073c400000| Untracked 
| 483|0x000000073c600000, 0x000000073c600000, 0x000000073c800000|  0%| F|  |TAMS 0x000000073c600000| PB 0x000000073c600000| Untracked 
| 484|0x000000073c800000, 0x000000073c800000, 0x000000073ca00000|  0%| F|  |TAMS 0x000000073c800000| PB 0x000000073c800000| Untracked 
| 485|0x000000073ca00000, 0x000000073ca00000, 0x000000073cc00000|  0%| F|  |TAMS 0x000000073ca00000| PB 0x000000073ca00000| Untracked 
| 486|0x000000073cc00000, 0x000000073cc00000, 0x000000073ce00000|  0%| F|  |TAMS 0x000000073cc00000| PB 0x000000073cc00000| Untracked 
| 487|0x000000073ce00000, 0x000000073ce00000, 0x000000073d000000|  0%| F|  |TAMS 0x000000073ce00000| PB 0x000000073ce00000| Untracked 
| 488|0x000000073d000000, 0x000000073d000000, 0x000000073d200000|  0%| F|  |TAMS 0x000000073d000000| PB 0x000000073d000000| Untracked 
| 489|0x000000073d200000, 0x000000073d200000, 0x000000073d400000|  0%| F|  |TAMS 0x000000073d200000| PB 0x000000073d200000| Untracked 
| 490|0x000000073d400000, 0x000000073d400000, 0x000000073d600000|  0%| F|  |TAMS 0x000000073d400000| PB 0x000000073d400000| Untracked 
| 491|0x000000073d600000, 0x000000073d600000, 0x000000073d800000|  0%| F|  |TAMS 0x000000073d600000| PB 0x000000073d600000| Untracked 
| 492|0x000000073d800000, 0x000000073d800000, 0x000000073da00000|  0%| F|  |TAMS 0x000000073d800000| PB 0x000000073d800000| Untracked 
| 493|0x000000073da00000, 0x000000073da00000, 0x000000073dc00000|  0%| F|  |TAMS 0x000000073da00000| PB 0x000000073da00000| Untracked 
| 494|0x000000073dc00000, 0x000000073dc00000, 0x000000073de00000|  0%| F|  |TAMS 0x000000073dc00000| PB 0x000000073dc00000| Untracked 
| 495|0x000000073de00000, 0x000000073de00000, 0x000000073e000000|  0%| F|  |TAMS 0x000000073de00000| PB 0x000000073de00000| Untracked 
| 496|0x000000073e000000, 0x000000073e000000, 0x000000073e200000|  0%| F|  |TAMS 0x000000073e000000| PB 0x000000073e000000| Untracked 
| 497|0x000000073e200000, 0x000000073e200000, 0x000000073e400000|  0%| F|  |TAMS 0x000000073e200000| PB 0x000000073e200000| Untracked 
| 498|0x000000073e400000, 0x000000073e400000, 0x000000073e600000|  0%| F|  |TAMS 0x000000073e400000| PB 0x000000073e400000| Untracked 
| 499|0x000000073e600000, 0x000000073e600000, 0x000000073e800000|  0%| F|  |TAMS 0x000000073e600000| PB 0x000000073e600000| Untracked 
| 500|0x000000073e800000, 0x000000073e800000, 0x000000073ea00000|  0%| F|  |TAMS 0x000000073e800000| PB 0x000000073e800000| Untracked 
| 501|0x000000073ea00000, 0x000000073ea00000, 0x000000073ec00000|  0%| F|  |TAMS 0x000000073ea00000| PB 0x000000073ea00000| Untracked 
| 502|0x000000073ec00000, 0x000000073ec00000, 0x000000073ee00000|  0%| F|  |TAMS 0x000000073ec00000| PB 0x000000073ec00000| Untracked 
| 503|0x000000073ee00000, 0x000000073ee00000, 0x000000073f000000|  0%| F|  |TAMS 0x000000073ee00000| PB 0x000000073ee00000| Untracked 
| 504|0x000000073f000000, 0x000000073f000000, 0x000000073f200000|  0%| F|  |TAMS 0x000000073f000000| PB 0x000000073f000000| Untracked 
| 505|0x000000073f200000, 0x000000073f200000, 0x000000073f400000|  0%| F|  |TAMS 0x000000073f200000| PB 0x000000073f200000| Untracked 
| 506|0x000000073f400000, 0x000000073f400000, 0x000000073f600000|  0%| F|  |TAMS 0x000000073f400000| PB 0x000000073f400000| Untracked 
| 507|0x000000073f600000, 0x000000073f600000, 0x000000073f800000|  0%| F|  |TAMS 0x000000073f600000| PB 0x000000073f600000| Untracked 
| 508|0x000000073f800000, 0x000000073f800000, 0x000000073fa00000|  0%| F|  |TAMS 0x000000073f800000| PB 0x000000073f800000| Untracked 
| 509|0x000000073fa00000, 0x000000073fa00000, 0x000000073fc00000|  0%| F|  |TAMS 0x000000073fa00000| PB 0x000000073fa00000| Untracked 
| 510|0x000000073fc00000, 0x000000073fc00000, 0x000000073fe00000|  0%| F|  |TAMS 0x000000073fc00000| PB 0x000000073fc00000| Untracked 
| 511|0x000000073fe00000, 0x000000073fe00000, 0x0000000740000000|  0%| F|  |TAMS 0x000000073fe00000| PB 0x000000073fe00000| Untracked 
| 512|0x0000000740000000, 0x0000000740000000, 0x0000000740200000|  0%| F|  |TAMS 0x0000000740000000| PB 0x0000000740000000| Untracked 
| 513|0x0000000740200000, 0x0000000740200000, 0x0000000740400000|  0%| F|  |TAMS 0x0000000740200000| PB 0x0000000740200000| Untracked 
| 514|0x0000000740400000, 0x0000000740400000, 0x0000000740600000|  0%| F|  |TAMS 0x0000000740400000| PB 0x0000000740400000| Untracked 
| 515|0x0000000740600000, 0x0000000740600000, 0x0000000740800000|  0%| F|  |TAMS 0x0000000740600000| PB 0x0000000740600000| Untracked 
| 516|0x0000000740800000, 0x0000000740800000, 0x0000000740a00000|  0%| F|  |TAMS 0x0000000740800000| PB 0x0000000740800000| Untracked 
| 517|0x0000000740a00000, 0x0000000740a00000, 0x0000000740c00000|  0%| F|  |TAMS 0x0000000740a00000| PB 0x0000000740a00000| Untracked 
| 518|0x0000000740c00000, 0x0000000740c00000, 0x0000000740e00000|  0%| F|  |TAMS 0x0000000740c00000| PB 0x0000000740c00000| Untracked 
| 519|0x0000000740e00000, 0x0000000740e00000, 0x0000000741000000|  0%| F|  |TAMS 0x0000000740e00000| PB 0x0000000740e00000| Untracked 
| 520|0x0000000741000000, 0x0000000741000000, 0x0000000741200000|  0%| F|  |TAMS 0x0000000741000000| PB 0x0000000741000000| Untracked 
| 521|0x0000000741200000, 0x0000000741200000, 0x0000000741400000|  0%| F|  |TAMS 0x0000000741200000| PB 0x0000000741200000| Untracked 
| 522|0x0000000741400000, 0x0000000741400000, 0x0000000741600000|  0%| F|  |TAMS 0x0000000741400000| PB 0x0000000741400000| Untracked 
| 523|0x0000000741600000, 0x0000000741600000, 0x0000000741800000|  0%| F|  |TAMS 0x0000000741600000| PB 0x0000000741600000| Untracked 
| 524|0x0000000741800000, 0x0000000741800000, 0x0000000741a00000|  0%| F|  |TAMS 0x0000000741800000| PB 0x0000000741800000| Untracked 
| 525|0x0000000741a00000, 0x0000000741a00000, 0x0000000741c00000|  0%| F|  |TAMS 0x0000000741a00000| PB 0x0000000741a00000| Untracked 
| 526|0x0000000741c00000, 0x0000000741c00000, 0x0000000741e00000|  0%| F|  |TAMS 0x0000000741c00000| PB 0x0000000741c00000| Untracked 
| 527|0x0000000741e00000, 0x0000000741e00000, 0x0000000742000000|  0%| F|  |TAMS 0x0000000741e00000| PB 0x0000000741e00000| Untracked 
| 528|0x0000000742000000, 0x0000000742000000, 0x0000000742200000|  0%| F|  |TAMS 0x0000000742000000| PB 0x0000000742000000| Untracked 
| 529|0x0000000742200000, 0x0000000742200000, 0x0000000742400000|  0%| F|  |TAMS 0x0000000742200000| PB 0x0000000742200000| Untracked 
| 530|0x0000000742400000, 0x0000000742400000, 0x0000000742600000|  0%| F|  |TAMS 0x0000000742400000| PB 0x0000000742400000| Untracked 
| 531|0x0000000742600000, 0x0000000742600000, 0x0000000742800000|  0%| F|  |TAMS 0x0000000742600000| PB 0x0000000742600000| Untracked 
| 532|0x0000000742800000, 0x0000000742800000, 0x0000000742a00000|  0%| F|  |TAMS 0x0000000742800000| PB 0x0000000742800000| Untracked 
| 533|0x0000000742a00000, 0x0000000742a00000, 0x0000000742c00000|  0%| F|  |TAMS 0x0000000742a00000| PB 0x0000000742a00000| Untracked 
| 534|0x0000000742c00000, 0x0000000742c00000, 0x0000000742e00000|  0%| F|  |TAMS 0x0000000742c00000| PB 0x0000000742c00000| Untracked 
| 535|0x0000000742e00000, 0x0000000742e00000, 0x0000000743000000|  0%| F|  |TAMS 0x0000000742e00000| PB 0x0000000742e00000| Untracked 
| 536|0x0000000743000000, 0x0000000743000000, 0x0000000743200000|  0%| F|  |TAMS 0x0000000743000000| PB 0x0000000743000000| Untracked 
| 537|0x0000000743200000, 0x0000000743200000, 0x0000000743400000|  0%| F|  |TAMS 0x0000000743200000| PB 0x0000000743200000| Untracked 
| 538|0x0000000743400000, 0x0000000743400000, 0x0000000743600000|  0%| F|  |TAMS 0x0000000743400000| PB 0x0000000743400000| Untracked 
| 539|0x0000000743600000, 0x0000000743600000, 0x0000000743800000|  0%| F|  |TAMS 0x0000000743600000| PB 0x0000000743600000| Untracked 
| 540|0x0000000743800000, 0x0000000743800000, 0x0000000743a00000|  0%| F|  |TAMS 0x0000000743800000| PB 0x0000000743800000| Untracked 
| 541|0x0000000743a00000, 0x0000000743a00000, 0x0000000743c00000|  0%| F|  |TAMS 0x0000000743a00000| PB 0x0000000743a00000| Untracked 
| 542|0x0000000743c00000, 0x0000000743c00000, 0x0000000743e00000|  0%| F|  |TAMS 0x0000000743c00000| PB 0x0000000743c00000| Untracked 
| 543|0x0000000743e00000, 0x0000000743e00000, 0x0000000744000000|  0%| F|  |TAMS 0x0000000743e00000| PB 0x0000000743e00000| Untracked 
| 544|0x0000000744000000, 0x0000000744000000, 0x0000000744200000|  0%| F|  |TAMS 0x0000000744000000| PB 0x0000000744000000| Untracked 
| 545|0x0000000744200000, 0x0000000744200000, 0x0000000744400000|  0%| F|  |TAMS 0x0000000744200000| PB 0x0000000744200000| Untracked 
| 546|0x0000000744400000, 0x0000000744400000, 0x0000000744600000|  0%| F|  |TAMS 0x0000000744400000| PB 0x0000000744400000| Untracked 
| 547|0x0000000744600000, 0x0000000744600000, 0x0000000744800000|  0%| F|  |TAMS 0x0000000744600000| PB 0x0000000744600000| Untracked 
| 548|0x0000000744800000, 0x0000000744800000, 0x0000000744a00000|  0%| F|  |TAMS 0x0000000744800000| PB 0x0000000744800000| Untracked 
| 549|0x0000000744a00000, 0x0000000744a00000, 0x0000000744c00000|  0%| F|  |TAMS 0x0000000744a00000| PB 0x0000000744a00000| Untracked 
| 550|0x0000000744c00000, 0x0000000744c00000, 0x0000000744e00000|  0%| F|  |TAMS 0x0000000744c00000| PB 0x0000000744c00000| Untracked 
| 551|0x0000000744e00000, 0x0000000744e00000, 0x0000000745000000|  0%| F|  |TAMS 0x0000000744e00000| PB 0x0000000744e00000| Untracked 
| 552|0x0000000745000000, 0x0000000745000000, 0x0000000745200000|  0%| F|  |TAMS 0x0000000745000000| PB 0x0000000745000000| Untracked 
| 553|0x0000000745200000, 0x0000000745200000, 0x0000000745400000|  0%| F|  |TAMS 0x0000000745200000| PB 0x0000000745200000| Untracked 
| 554|0x0000000745400000, 0x0000000745400000, 0x0000000745600000|  0%| F|  |TAMS 0x0000000745400000| PB 0x0000000745400000| Untracked 
| 555|0x0000000745600000, 0x0000000745600000, 0x0000000745800000|  0%| F|  |TAMS 0x0000000745600000| PB 0x0000000745600000| Untracked 
| 556|0x0000000745800000, 0x0000000745800000, 0x0000000745a00000|  0%| F|  |TAMS 0x0000000745800000| PB 0x0000000745800000| Untracked 
| 557|0x0000000745a00000, 0x0000000745a00000, 0x0000000745c00000|  0%| F|  |TAMS 0x0000000745a00000| PB 0x0000000745a00000| Untracked 
| 558|0x0000000745c00000, 0x0000000745c00000, 0x0000000745e00000|  0%| F|  |TAMS 0x0000000745c00000| PB 0x0000000745c00000| Untracked 
| 559|0x0000000745e00000, 0x0000000745e00000, 0x0000000746000000|  0%| F|  |TAMS 0x0000000745e00000| PB 0x0000000745e00000| Untracked 
| 560|0x0000000746000000, 0x0000000746000000, 0x0000000746200000|  0%| F|  |TAMS 0x0000000746000000| PB 0x0000000746000000| Untracked 
| 561|0x0000000746200000, 0x0000000746200000, 0x0000000746400000|  0%| F|  |TAMS 0x0000000746200000| PB 0x0000000746200000| Untracked 
| 562|0x0000000746400000, 0x0000000746400000, 0x0000000746600000|  0%| F|  |TAMS 0x0000000746400000| PB 0x0000000746400000| Untracked 
| 563|0x0000000746600000, 0x0000000746600000, 0x0000000746800000|  0%| F|  |TAMS 0x0000000746600000| PB 0x0000000746600000| Untracked 
| 564|0x0000000746800000, 0x0000000746800000, 0x0000000746a00000|  0%| F|  |TAMS 0x0000000746800000| PB 0x0000000746800000| Untracked 
| 565|0x0000000746a00000, 0x0000000746a00000, 0x0000000746c00000|  0%| F|  |TAMS 0x0000000746a00000| PB 0x0000000746a00000| Untracked 
| 566|0x0000000746c00000, 0x0000000746c00000, 0x0000000746e00000|  0%| F|  |TAMS 0x0000000746c00000| PB 0x0000000746c00000| Untracked 
| 567|0x0000000746e00000, 0x0000000746e00000, 0x0000000747000000|  0%| F|  |TAMS 0x0000000746e00000| PB 0x0000000746e00000| Untracked 
| 568|0x0000000747000000, 0x0000000747000000, 0x0000000747200000|  0%| F|  |TAMS 0x0000000747000000| PB 0x0000000747000000| Untracked 
| 569|0x0000000747200000, 0x0000000747200000, 0x0000000747400000|  0%| F|  |TAMS 0x0000000747200000| PB 0x0000000747200000| Untracked 
| 570|0x0000000747400000, 0x0000000747400000, 0x0000000747600000|  0%| F|  |TAMS 0x0000000747400000| PB 0x0000000747400000| Untracked 
| 571|0x0000000747600000, 0x0000000747600000, 0x0000000747800000|  0%| F|  |TAMS 0x0000000747600000| PB 0x0000000747600000| Untracked 
| 572|0x0000000747800000, 0x0000000747800000, 0x0000000747a00000|  0%| F|  |TAMS 0x0000000747800000| PB 0x0000000747800000| Untracked 
| 573|0x0000000747a00000, 0x0000000747a00000, 0x0000000747c00000|  0%| F|  |TAMS 0x0000000747a00000| PB 0x0000000747a00000| Untracked 
| 574|0x0000000747c00000, 0x0000000747c00000, 0x0000000747e00000|  0%| F|  |TAMS 0x0000000747c00000| PB 0x0000000747c00000| Untracked 
| 575|0x0000000747e00000, 0x0000000747e00000, 0x0000000748000000|  0%| F|  |TAMS 0x0000000747e00000| PB 0x0000000747e00000| Untracked 
| 576|0x0000000748000000, 0x0000000748000000, 0x0000000748200000|  0%| F|  |TAMS 0x0000000748000000| PB 0x0000000748000000| Untracked 
| 577|0x0000000748200000, 0x0000000748200000, 0x0000000748400000|  0%| F|  |TAMS 0x0000000748200000| PB 0x0000000748200000| Untracked 
| 578|0x0000000748400000, 0x0000000748400000, 0x0000000748600000|  0%| F|  |TAMS 0x0000000748400000| PB 0x0000000748400000| Untracked 
| 579|0x0000000748600000, 0x0000000748600000, 0x0000000748800000|  0%| F|  |TAMS 0x0000000748600000| PB 0x0000000748600000| Untracked 
| 580|0x0000000748800000, 0x0000000748800000, 0x0000000748a00000|  0%| F|  |TAMS 0x0000000748800000| PB 0x0000000748800000| Untracked 
| 581|0x0000000748a00000, 0x0000000748a00000, 0x0000000748c00000|  0%| F|  |TAMS 0x0000000748a00000| PB 0x0000000748a00000| Untracked 
| 582|0x0000000748c00000, 0x0000000748c00000, 0x0000000748e00000|  0%| F|  |TAMS 0x0000000748c00000| PB 0x0000000748c00000| Untracked 
| 583|0x0000000748e00000, 0x0000000748e00000, 0x0000000749000000|  0%| F|  |TAMS 0x0000000748e00000| PB 0x0000000748e00000| Untracked 
| 584|0x0000000749000000, 0x0000000749000000, 0x0000000749200000|  0%| F|  |TAMS 0x0000000749000000| PB 0x0000000749000000| Untracked 
| 585|0x0000000749200000, 0x0000000749200000, 0x0000000749400000|  0%| F|  |TAMS 0x0000000749200000| PB 0x0000000749200000| Untracked 
| 586|0x0000000749400000, 0x0000000749400000, 0x0000000749600000|  0%| F|  |TAMS 0x0000000749400000| PB 0x0000000749400000| Untracked 
| 587|0x0000000749600000, 0x0000000749600000, 0x0000000749800000|  0%| F|  |TAMS 0x0000000749600000| PB 0x0000000749600000| Untracked 
| 588|0x0000000749800000, 0x0000000749800000, 0x0000000749a00000|  0%| F|  |TAMS 0x0000000749800000| PB 0x0000000749800000| Untracked 
| 589|0x0000000749a00000, 0x0000000749a00000, 0x0000000749c00000|  0%| F|  |TAMS 0x0000000749a00000| PB 0x0000000749a00000| Untracked 
| 590|0x0000000749c00000, 0x0000000749c00000, 0x0000000749e00000|  0%| F|  |TAMS 0x0000000749c00000| PB 0x0000000749c00000| Untracked 
| 591|0x0000000749e00000, 0x0000000749e00000, 0x000000074a000000|  0%| F|  |TAMS 0x0000000749e00000| PB 0x0000000749e00000| Untracked 
| 592|0x000000074a000000, 0x000000074a000000, 0x000000074a200000|  0%| F|  |TAMS 0x000000074a000000| PB 0x000000074a000000| Untracked 
| 593|0x000000074a200000, 0x000000074a200000, 0x000000074a400000|  0%| F|  |TAMS 0x000000074a200000| PB 0x000000074a200000| Untracked 
| 594|0x000000074a400000, 0x000000074a400000, 0x000000074a600000|  0%| F|  |TAMS 0x000000074a400000| PB 0x000000074a400000| Untracked 
| 595|0x000000074a600000, 0x000000074a600000, 0x000000074a800000|  0%| F|  |TAMS 0x000000074a600000| PB 0x000000074a600000| Untracked 
| 596|0x000000074a800000, 0x000000074a800000, 0x000000074aa00000|  0%| F|  |TAMS 0x000000074a800000| PB 0x000000074a800000| Untracked 
| 597|0x000000074aa00000, 0x000000074aa00000, 0x000000074ac00000|  0%| F|  |TAMS 0x000000074aa00000| PB 0x000000074aa00000| Untracked 
| 598|0x000000074ac00000, 0x000000074ac00000, 0x000000074ae00000|  0%| F|  |TAMS 0x000000074ac00000| PB 0x000000074ac00000| Untracked 
| 599|0x000000074ae00000, 0x000000074ae00000, 0x000000074b000000|  0%| F|  |TAMS 0x000000074ae00000| PB 0x000000074ae00000| Untracked 
| 600|0x000000074b000000, 0x000000074b000000, 0x000000074b200000|  0%| F|  |TAMS 0x000000074b000000| PB 0x000000074b000000| Untracked 
| 601|0x000000074b200000, 0x000000074b200000, 0x000000074b400000|  0%| F|  |TAMS 0x000000074b200000| PB 0x000000074b200000| Untracked 
| 602|0x000000074b400000, 0x000000074b400000, 0x000000074b600000|  0%| F|  |TAMS 0x000000074b400000| PB 0x000000074b400000| Untracked 
| 603|0x000000074b600000, 0x000000074b600000, 0x000000074b800000|  0%| F|  |TAMS 0x000000074b600000| PB 0x000000074b600000| Untracked 
| 604|0x000000074b800000, 0x000000074b800000, 0x000000074ba00000|  0%| F|  |TAMS 0x000000074b800000| PB 0x000000074b800000| Untracked 
| 605|0x000000074ba00000, 0x000000074ba00000, 0x000000074bc00000|  0%| F|  |TAMS 0x000000074ba00000| PB 0x000000074ba00000| Untracked 
| 606|0x000000074bc00000, 0x000000074bc00000, 0x000000074be00000|  0%| F|  |TAMS 0x000000074bc00000| PB 0x000000074bc00000| Untracked 
| 607|0x000000074be00000, 0x000000074be00000, 0x000000074c000000|  0%| F|  |TAMS 0x000000074be00000| PB 0x000000074be00000| Untracked 
| 608|0x000000074c000000, 0x000000074c000000, 0x000000074c200000|  0%| F|  |TAMS 0x000000074c000000| PB 0x000000074c000000| Untracked 
| 609|0x000000074c200000, 0x000000074c200000, 0x000000074c400000|  0%| F|  |TAMS 0x000000074c200000| PB 0x000000074c200000| Untracked 
| 610|0x000000074c400000, 0x000000074c400000, 0x000000074c600000|  0%| F|  |TAMS 0x000000074c400000| PB 0x000000074c400000| Untracked 
| 611|0x000000074c600000, 0x000000074c600000, 0x000000074c800000|  0%| F|  |TAMS 0x000000074c600000| PB 0x000000074c600000| Untracked 
| 612|0x000000074c800000, 0x000000074c800000, 0x000000074ca00000|  0%| F|  |TAMS 0x000000074c800000| PB 0x000000074c800000| Untracked 
| 613|0x000000074ca00000, 0x000000074ca00000, 0x000000074cc00000|  0%| F|  |TAMS 0x000000074ca00000| PB 0x000000074ca00000| Untracked 
| 614|0x000000074cc00000, 0x000000074cc00000, 0x000000074ce00000|  0%| F|  |TAMS 0x000000074cc00000| PB 0x000000074cc00000| Untracked 
| 615|0x000000074ce00000, 0x000000074ce00000, 0x000000074d000000|  0%| F|  |TAMS 0x000000074ce00000| PB 0x000000074ce00000| Untracked 
| 616|0x000000074d000000, 0x000000074d000000, 0x000000074d200000|  0%| F|  |TAMS 0x000000074d000000| PB 0x000000074d000000| Untracked 
| 617|0x000000074d200000, 0x000000074d200000, 0x000000074d400000|  0%| F|  |TAMS 0x000000074d200000| PB 0x000000074d200000| Untracked 
| 618|0x000000074d400000, 0x000000074d400000, 0x000000074d600000|  0%| F|  |TAMS 0x000000074d400000| PB 0x000000074d400000| Untracked 
| 619|0x000000074d600000, 0x000000074d600000, 0x000000074d800000|  0%| F|  |TAMS 0x000000074d600000| PB 0x000000074d600000| Untracked 
| 620|0x000000074d800000, 0x000000074d800000, 0x000000074da00000|  0%| F|  |TAMS 0x000000074d800000| PB 0x000000074d800000| Untracked 
| 621|0x000000074da00000, 0x000000074da00000, 0x000000074dc00000|  0%| F|  |TAMS 0x000000074da00000| PB 0x000000074da00000| Untracked 
| 622|0x000000074dc00000, 0x000000074dc00000, 0x000000074de00000|  0%| F|  |TAMS 0x000000074dc00000| PB 0x000000074dc00000| Untracked 
| 623|0x000000074de00000, 0x000000074de00000, 0x000000074e000000|  0%| F|  |TAMS 0x000000074de00000| PB 0x000000074de00000| Untracked 
| 624|0x000000074e000000, 0x000000074e000000, 0x000000074e200000|  0%| F|  |TAMS 0x000000074e000000| PB 0x000000074e000000| Untracked 
| 625|0x000000074e200000, 0x000000074e200000, 0x000000074e400000|  0%| F|  |TAMS 0x000000074e200000| PB 0x000000074e200000| Untracked 
| 626|0x000000074e400000, 0x000000074e400000, 0x000000074e600000|  0%| F|  |TAMS 0x000000074e400000| PB 0x000000074e400000| Untracked 
| 627|0x000000074e600000, 0x000000074e600000, 0x000000074e800000|  0%| F|  |TAMS 0x000000074e600000| PB 0x000000074e600000| Untracked 
| 628|0x000000074e800000, 0x000000074e800000, 0x000000074ea00000|  0%| F|  |TAMS 0x000000074e800000| PB 0x000000074e800000| Untracked 
| 629|0x000000074ea00000, 0x000000074ea00000, 0x000000074ec00000|  0%| F|  |TAMS 0x000000074ea00000| PB 0x000000074ea00000| Untracked 
| 630|0x000000074ec00000, 0x000000074ec00000, 0x000000074ee00000|  0%| F|  |TAMS 0x000000074ec00000| PB 0x000000074ec00000| Untracked 
| 631|0x000000074ee00000, 0x000000074ee00000, 0x000000074f000000|  0%| F|  |TAMS 0x000000074ee00000| PB 0x000000074ee00000| Untracked 
| 632|0x000000074f000000, 0x000000074f000000, 0x000000074f200000|  0%| F|  |TAMS 0x000000074f000000| PB 0x000000074f000000| Untracked 
| 633|0x000000074f200000, 0x000000074f200000, 0x000000074f400000|  0%| F|  |TAMS 0x000000074f200000| PB 0x000000074f200000| Untracked 
| 634|0x000000074f400000, 0x000000074f400000, 0x000000074f600000|  0%| F|  |TAMS 0x000000074f400000| PB 0x000000074f400000| Untracked 
| 635|0x000000074f600000, 0x000000074f600000, 0x000000074f800000|  0%| F|  |TAMS 0x000000074f600000| PB 0x000000074f600000| Untracked 
| 636|0x000000074f800000, 0x000000074f800000, 0x000000074fa00000|  0%| F|  |TAMS 0x000000074f800000| PB 0x000000074f800000| Untracked 
| 637|0x000000074fa00000, 0x000000074fa00000, 0x000000074fc00000|  0%| F|  |TAMS 0x000000074fa00000| PB 0x000000074fa00000| Untracked 
| 638|0x000000074fc00000, 0x000000074fc00000, 0x000000074fe00000|  0%| F|  |TAMS 0x000000074fc00000| PB 0x000000074fc00000| Untracked 
| 639|0x000000074fe00000, 0x000000074fe00000, 0x0000000750000000|  0%| F|  |TAMS 0x000000074fe00000| PB 0x000000074fe00000| Untracked 
| 640|0x0000000750000000, 0x0000000750000000, 0x0000000750200000|  0%| F|  |TAMS 0x0000000750000000| PB 0x0000000750000000| Untracked 
| 641|0x0000000750200000, 0x0000000750200000, 0x0000000750400000|  0%| F|  |TAMS 0x0000000750200000| PB 0x0000000750200000| Untracked 
| 642|0x0000000750400000, 0x0000000750400000, 0x0000000750600000|  0%| F|  |TAMS 0x0000000750400000| PB 0x0000000750400000| Untracked 
| 643|0x0000000750600000, 0x0000000750600000, 0x0000000750800000|  0%| F|  |TAMS 0x0000000750600000| PB 0x0000000750600000| Untracked 
| 644|0x0000000750800000, 0x0000000750800000, 0x0000000750a00000|  0%| F|  |TAMS 0x0000000750800000| PB 0x0000000750800000| Untracked 
| 645|0x0000000750a00000, 0x0000000750a00000, 0x0000000750c00000|  0%| F|  |TAMS 0x0000000750a00000| PB 0x0000000750a00000| Untracked 
| 646|0x0000000750c00000, 0x0000000750c00000, 0x0000000750e00000|  0%| F|  |TAMS 0x0000000750c00000| PB 0x0000000750c00000| Untracked 
| 647|0x0000000750e00000, 0x0000000750e00000, 0x0000000751000000|  0%| F|  |TAMS 0x0000000750e00000| PB 0x0000000750e00000| Untracked 
| 648|0x0000000751000000, 0x0000000751000000, 0x0000000751200000|  0%| F|  |TAMS 0x0000000751000000| PB 0x0000000751000000| Untracked 
| 649|0x0000000751200000, 0x0000000751200000, 0x0000000751400000|  0%| F|  |TAMS 0x0000000751200000| PB 0x0000000751200000| Untracked 
| 650|0x0000000751400000, 0x0000000751400000, 0x0000000751600000|  0%| F|  |TAMS 0x0000000751400000| PB 0x0000000751400000| Untracked 
| 651|0x0000000751600000, 0x0000000751600000, 0x0000000751800000|  0%| F|  |TAMS 0x0000000751600000| PB 0x0000000751600000| Untracked 
| 652|0x0000000751800000, 0x0000000751800000, 0x0000000751a00000|  0%| F|  |TAMS 0x0000000751800000| PB 0x0000000751800000| Untracked 
| 653|0x0000000751a00000, 0x0000000751a00000, 0x0000000751c00000|  0%| F|  |TAMS 0x0000000751a00000| PB 0x0000000751a00000| Untracked 
| 654|0x0000000751c00000, 0x0000000751c00000, 0x0000000751e00000|  0%| F|  |TAMS 0x0000000751c00000| PB 0x0000000751c00000| Untracked 
| 655|0x0000000751e00000, 0x0000000751e00000, 0x0000000752000000|  0%| F|  |TAMS 0x0000000751e00000| PB 0x0000000751e00000| Untracked 
| 656|0x0000000752000000, 0x0000000752000000, 0x0000000752200000|  0%| F|  |TAMS 0x0000000752000000| PB 0x0000000752000000| Untracked 
| 657|0x0000000752200000, 0x0000000752200000, 0x0000000752400000|  0%| F|  |TAMS 0x0000000752200000| PB 0x0000000752200000| Untracked 
| 658|0x0000000752400000, 0x0000000752400000, 0x0000000752600000|  0%| F|  |TAMS 0x0000000752400000| PB 0x0000000752400000| Untracked 
| 659|0x0000000752600000, 0x0000000752600000, 0x0000000752800000|  0%| F|  |TAMS 0x0000000752600000| PB 0x0000000752600000| Untracked 
| 660|0x0000000752800000, 0x0000000752800000, 0x0000000752a00000|  0%| F|  |TAMS 0x0000000752800000| PB 0x0000000752800000| Untracked 
| 661|0x0000000752a00000, 0x0000000752a00000, 0x0000000752c00000|  0%| F|  |TAMS 0x0000000752a00000| PB 0x0000000752a00000| Untracked 
| 662|0x0000000752c00000, 0x0000000752c00000, 0x0000000752e00000|  0%| F|  |TAMS 0x0000000752c00000| PB 0x0000000752c00000| Untracked 
| 663|0x0000000752e00000, 0x0000000752e00000, 0x0000000753000000|  0%| F|  |TAMS 0x0000000752e00000| PB 0x0000000752e00000| Untracked 
| 664|0x0000000753000000, 0x0000000753000000, 0x0000000753200000|  0%| F|  |TAMS 0x0000000753000000| PB 0x0000000753000000| Untracked 
| 665|0x0000000753200000, 0x0000000753200000, 0x0000000753400000|  0%| F|  |TAMS 0x0000000753200000| PB 0x0000000753200000| Untracked 
| 666|0x0000000753400000, 0x0000000753400000, 0x0000000753600000|  0%| F|  |TAMS 0x0000000753400000| PB 0x0000000753400000| Untracked 
| 667|0x0000000753600000, 0x0000000753600000, 0x0000000753800000|  0%| F|  |TAMS 0x0000000753600000| PB 0x0000000753600000| Untracked 
| 668|0x0000000753800000, 0x0000000753800000, 0x0000000753a00000|  0%| F|  |TAMS 0x0000000753800000| PB 0x0000000753800000| Untracked 
| 669|0x0000000753a00000, 0x0000000753a00000, 0x0000000753c00000|  0%| F|  |TAMS 0x0000000753a00000| PB 0x0000000753a00000| Untracked 
| 670|0x0000000753c00000, 0x0000000753c00000, 0x0000000753e00000|  0%| F|  |TAMS 0x0000000753c00000| PB 0x0000000753c00000| Untracked 
| 671|0x0000000753e00000, 0x0000000753e00000, 0x0000000754000000|  0%| F|  |TAMS 0x0000000753e00000| PB 0x0000000753e00000| Untracked 
| 672|0x0000000754000000, 0x0000000754000000, 0x0000000754200000|  0%| F|  |TAMS 0x0000000754000000| PB 0x0000000754000000| Untracked 
| 673|0x0000000754200000, 0x0000000754200000, 0x0000000754400000|  0%| F|  |TAMS 0x0000000754200000| PB 0x0000000754200000| Untracked 
| 674|0x0000000754400000, 0x0000000754400000, 0x0000000754600000|  0%| F|  |TAMS 0x0000000754400000| PB 0x0000000754400000| Untracked 
| 675|0x0000000754600000, 0x0000000754600000, 0x0000000754800000|  0%| F|  |TAMS 0x0000000754600000| PB 0x0000000754600000| Untracked 
| 676|0x0000000754800000, 0x0000000754800000, 0x0000000754a00000|  0%| F|  |TAMS 0x0000000754800000| PB 0x0000000754800000| Untracked 
| 677|0x0000000754a00000, 0x0000000754a00000, 0x0000000754c00000|  0%| F|  |TAMS 0x0000000754a00000| PB 0x0000000754a00000| Untracked 
| 678|0x0000000754c00000, 0x0000000754c00000, 0x0000000754e00000|  0%| F|  |TAMS 0x0000000754c00000| PB 0x0000000754c00000| Untracked 
| 679|0x0000000754e00000, 0x0000000754e00000, 0x0000000755000000|  0%| F|  |TAMS 0x0000000754e00000| PB 0x0000000754e00000| Untracked 
| 680|0x0000000755000000, 0x0000000755000000, 0x0000000755200000|  0%| F|  |TAMS 0x0000000755000000| PB 0x0000000755000000| Untracked 
| 681|0x0000000755200000, 0x0000000755200000, 0x0000000755400000|  0%| F|  |TAMS 0x0000000755200000| PB 0x0000000755200000| Untracked 
| 682|0x0000000755400000, 0x0000000755400000, 0x0000000755600000|  0%| F|  |TAMS 0x0000000755400000| PB 0x0000000755400000| Untracked 
| 683|0x0000000755600000, 0x0000000755600000, 0x0000000755800000|  0%| F|  |TAMS 0x0000000755600000| PB 0x0000000755600000| Untracked 
| 684|0x0000000755800000, 0x0000000755800000, 0x0000000755a00000|  0%| F|  |TAMS 0x0000000755800000| PB 0x0000000755800000| Untracked 
| 685|0x0000000755a00000, 0x0000000755a00000, 0x0000000755c00000|  0%| F|  |TAMS 0x0000000755a00000| PB 0x0000000755a00000| Untracked 
| 686|0x0000000755c00000, 0x0000000755c00000, 0x0000000755e00000|  0%| F|  |TAMS 0x0000000755c00000| PB 0x0000000755c00000| Untracked 
| 687|0x0000000755e00000, 0x0000000755e00000, 0x0000000756000000|  0%| F|  |TAMS 0x0000000755e00000| PB 0x0000000755e00000| Untracked 
| 688|0x0000000756000000, 0x0000000756000000, 0x0000000756200000|  0%| F|  |TAMS 0x0000000756000000| PB 0x0000000756000000| Untracked 
| 689|0x0000000756200000, 0x0000000756200000, 0x0000000756400000|  0%| F|  |TAMS 0x0000000756200000| PB 0x0000000756200000| Untracked 
| 690|0x0000000756400000, 0x0000000756400000, 0x0000000756600000|  0%| F|  |TAMS 0x0000000756400000| PB 0x0000000756400000| Untracked 
| 691|0x0000000756600000, 0x0000000756600000, 0x0000000756800000|  0%| F|  |TAMS 0x0000000756600000| PB 0x0000000756600000| Untracked 
| 692|0x0000000756800000, 0x0000000756800000, 0x0000000756a00000|  0%| F|  |TAMS 0x0000000756800000| PB 0x0000000756800000| Untracked 
| 693|0x0000000756a00000, 0x0000000756a00000, 0x0000000756c00000|  0%| F|  |TAMS 0x0000000756a00000| PB 0x0000000756a00000| Untracked 
| 694|0x0000000756c00000, 0x0000000756c00000, 0x0000000756e00000|  0%| F|  |TAMS 0x0000000756c00000| PB 0x0000000756c00000| Untracked 
| 695|0x0000000756e00000, 0x0000000756e00000, 0x0000000757000000|  0%| F|  |TAMS 0x0000000756e00000| PB 0x0000000756e00000| Untracked 
| 696|0x0000000757000000, 0x0000000757000000, 0x0000000757200000|  0%| F|  |TAMS 0x0000000757000000| PB 0x0000000757000000| Untracked 
| 697|0x0000000757200000, 0x0000000757200000, 0x0000000757400000|  0%| F|  |TAMS 0x0000000757200000| PB 0x0000000757200000| Untracked 
| 698|0x0000000757400000, 0x0000000757400000, 0x0000000757600000|  0%| F|  |TAMS 0x0000000757400000| PB 0x0000000757400000| Untracked 
| 699|0x0000000757600000, 0x0000000757600000, 0x0000000757800000|  0%| F|  |TAMS 0x0000000757600000| PB 0x0000000757600000| Untracked 
| 700|0x0000000757800000, 0x0000000757800000, 0x0000000757a00000|  0%| F|  |TAMS 0x0000000757800000| PB 0x0000000757800000| Untracked 
| 701|0x0000000757a00000, 0x0000000757a00000, 0x0000000757c00000|  0%| F|  |TAMS 0x0000000757a00000| PB 0x0000000757a00000| Untracked 
| 702|0x0000000757c00000, 0x0000000757c00000, 0x0000000757e00000|  0%| F|  |TAMS 0x0000000757c00000| PB 0x0000000757c00000| Untracked 
| 703|0x0000000757e00000, 0x0000000757e00000, 0x0000000758000000|  0%| F|  |TAMS 0x0000000757e00000| PB 0x0000000757e00000| Untracked 
| 704|0x0000000758000000, 0x0000000758000000, 0x0000000758200000|  0%| F|  |TAMS 0x0000000758000000| PB 0x0000000758000000| Untracked 
| 705|0x0000000758200000, 0x0000000758200000, 0x0000000758400000|  0%| F|  |TAMS 0x0000000758200000| PB 0x0000000758200000| Untracked 
| 706|0x0000000758400000, 0x0000000758400000, 0x0000000758600000|  0%| F|  |TAMS 0x0000000758400000| PB 0x0000000758400000| Untracked 
| 707|0x0000000758600000, 0x0000000758600000, 0x0000000758800000|  0%| F|  |TAMS 0x0000000758600000| PB 0x0000000758600000| Untracked 
| 708|0x0000000758800000, 0x0000000758800000, 0x0000000758a00000|  0%| F|  |TAMS 0x0000000758800000| PB 0x0000000758800000| Untracked 
| 709|0x0000000758a00000, 0x0000000758a00000, 0x0000000758c00000|  0%| F|  |TAMS 0x0000000758a00000| PB 0x0000000758a00000| Untracked 
| 710|0x0000000758c00000, 0x0000000758c00000, 0x0000000758e00000|  0%| F|  |TAMS 0x0000000758c00000| PB 0x0000000758c00000| Untracked 
| 711|0x0000000758e00000, 0x0000000758e00000, 0x0000000759000000|  0%| F|  |TAMS 0x0000000758e00000| PB 0x0000000758e00000| Untracked 
| 712|0x0000000759000000, 0x0000000759000000, 0x0000000759200000|  0%| F|  |TAMS 0x0000000759000000| PB 0x0000000759000000| Untracked 
| 713|0x0000000759200000, 0x0000000759200000, 0x0000000759400000|  0%| F|  |TAMS 0x0000000759200000| PB 0x0000000759200000| Untracked 
| 714|0x0000000759400000, 0x0000000759400000, 0x0000000759600000|  0%| F|  |TAMS 0x0000000759400000| PB 0x0000000759400000| Untracked 
| 715|0x0000000759600000, 0x0000000759600000, 0x0000000759800000|  0%| F|  |TAMS 0x0000000759600000| PB 0x0000000759600000| Untracked 
| 716|0x0000000759800000, 0x0000000759800000, 0x0000000759a00000|  0%| F|  |TAMS 0x0000000759800000| PB 0x0000000759800000| Untracked 
| 717|0x0000000759a00000, 0x0000000759a00000, 0x0000000759c00000|  0%| F|  |TAMS 0x0000000759a00000| PB 0x0000000759a00000| Untracked 
| 718|0x0000000759c00000, 0x0000000759c00000, 0x0000000759e00000|  0%| F|  |TAMS 0x0000000759c00000| PB 0x0000000759c00000| Untracked 
| 719|0x0000000759e00000, 0x0000000759e00000, 0x000000075a000000|  0%| F|  |TAMS 0x0000000759e00000| PB 0x0000000759e00000| Untracked 
| 720|0x000000075a000000, 0x000000075a000000, 0x000000075a200000|  0%| F|  |TAMS 0x000000075a000000| PB 0x000000075a000000| Untracked 
| 721|0x000000075a200000, 0x000000075a200000, 0x000000075a400000|  0%| F|  |TAMS 0x000000075a200000| PB 0x000000075a200000| Untracked 
| 722|0x000000075a400000, 0x000000075a400000, 0x000000075a600000|  0%| F|  |TAMS 0x000000075a400000| PB 0x000000075a400000| Untracked 
| 723|0x000000075a600000, 0x000000075a600000, 0x000000075a800000|  0%| F|  |TAMS 0x000000075a600000| PB 0x000000075a600000| Untracked 
| 724|0x000000075a800000, 0x000000075a800000, 0x000000075aa00000|  0%| F|  |TAMS 0x000000075a800000| PB 0x000000075a800000| Untracked 
| 725|0x000000075aa00000, 0x000000075aa00000, 0x000000075ac00000|  0%| F|  |TAMS 0x000000075aa00000| PB 0x000000075aa00000| Untracked 
| 726|0x000000075ac00000, 0x000000075ac00000, 0x000000075ae00000|  0%| F|  |TAMS 0x000000075ac00000| PB 0x000000075ac00000| Untracked 
| 727|0x000000075ae00000, 0x000000075ae00000, 0x000000075b000000|  0%| F|  |TAMS 0x000000075ae00000| PB 0x000000075ae00000| Untracked 
| 728|0x000000075b000000, 0x000000075b000000, 0x000000075b200000|  0%| F|  |TAMS 0x000000075b000000| PB 0x000000075b000000| Untracked 
| 729|0x000000075b200000, 0x000000075b200000, 0x000000075b400000|  0%| F|  |TAMS 0x000000075b200000| PB 0x000000075b200000| Untracked 
| 730|0x000000075b400000, 0x000000075b400000, 0x000000075b600000|  0%| F|  |TAMS 0x000000075b400000| PB 0x000000075b400000| Untracked 
| 731|0x000000075b600000, 0x000000075b600000, 0x000000075b800000|  0%| F|  |TAMS 0x000000075b600000| PB 0x000000075b600000| Untracked 
| 732|0x000000075b800000, 0x000000075b800000, 0x000000075ba00000|  0%| F|  |TAMS 0x000000075b800000| PB 0x000000075b800000| Untracked 
| 733|0x000000075ba00000, 0x000000075ba00000, 0x000000075bc00000|  0%| F|  |TAMS 0x000000075ba00000| PB 0x000000075ba00000| Untracked 
| 734|0x000000075bc00000, 0x000000075bc00000, 0x000000075be00000|  0%| F|  |TAMS 0x000000075bc00000| PB 0x000000075bc00000| Untracked 
| 735|0x000000075be00000, 0x000000075be00000, 0x000000075c000000|  0%| F|  |TAMS 0x000000075be00000| PB 0x000000075be00000| Untracked 
| 736|0x000000075c000000, 0x000000075c000000, 0x000000075c200000|  0%| F|  |TAMS 0x000000075c000000| PB 0x000000075c000000| Untracked 
| 737|0x000000075c200000, 0x000000075c200000, 0x000000075c400000|  0%| F|  |TAMS 0x000000075c200000| PB 0x000000075c200000| Untracked 
| 738|0x000000075c400000, 0x000000075c400000, 0x000000075c600000|  0%| F|  |TAMS 0x000000075c400000| PB 0x000000075c400000| Untracked 
| 739|0x000000075c600000, 0x000000075c600000, 0x000000075c800000|  0%| F|  |TAMS 0x000000075c600000| PB 0x000000075c600000| Untracked 
| 740|0x000000075c800000, 0x000000075c800000, 0x000000075ca00000|  0%| F|  |TAMS 0x000000075c800000| PB 0x000000075c800000| Untracked 
| 741|0x000000075ca00000, 0x000000075ca00000, 0x000000075cc00000|  0%| F|  |TAMS 0x000000075ca00000| PB 0x000000075ca00000| Untracked 
| 742|0x000000075cc00000, 0x000000075cc00000, 0x000000075ce00000|  0%| F|  |TAMS 0x000000075cc00000| PB 0x000000075cc00000| Untracked 
| 743|0x000000075ce00000, 0x000000075ce00000, 0x000000075d000000|  0%| F|  |TAMS 0x000000075ce00000| PB 0x000000075ce00000| Untracked 
| 744|0x000000075d000000, 0x000000075d000000, 0x000000075d200000|  0%| F|  |TAMS 0x000000075d000000| PB 0x000000075d000000| Untracked 
| 745|0x000000075d200000, 0x000000075d200000, 0x000000075d400000|  0%| F|  |TAMS 0x000000075d200000| PB 0x000000075d200000| Untracked 
| 746|0x000000075d400000, 0x000000075d400000, 0x000000075d600000|  0%| F|  |TAMS 0x000000075d400000| PB 0x000000075d400000| Untracked 
| 747|0x000000075d600000, 0x000000075d600000, 0x000000075d800000|  0%| F|  |TAMS 0x000000075d600000| PB 0x000000075d600000| Untracked 
| 748|0x000000075d800000, 0x000000075d800000, 0x000000075da00000|  0%| F|  |TAMS 0x000000075d800000| PB 0x000000075d800000| Untracked 
| 749|0x000000075da00000, 0x000000075da00000, 0x000000075dc00000|  0%| F|  |TAMS 0x000000075da00000| PB 0x000000075da00000| Untracked 
| 750|0x000000075dc00000, 0x000000075dc00000, 0x000000075de00000|  0%| F|  |TAMS 0x000000075dc00000| PB 0x000000075dc00000| Untracked 
| 751|0x000000075de00000, 0x000000075de00000, 0x000000075e000000|  0%| F|  |TAMS 0x000000075de00000| PB 0x000000075de00000| Untracked 
| 752|0x000000075e000000, 0x000000075e000000, 0x000000075e200000|  0%| F|  |TAMS 0x000000075e000000| PB 0x000000075e000000| Untracked 
| 753|0x000000075e200000, 0x000000075e200000, 0x000000075e400000|  0%| F|  |TAMS 0x000000075e200000| PB 0x000000075e200000| Untracked 
| 754|0x000000075e400000, 0x000000075e400000, 0x000000075e600000|  0%| F|  |TAMS 0x000000075e400000| PB 0x000000075e400000| Untracked 
| 755|0x000000075e600000, 0x000000075e796980, 0x000000075e800000| 79%| S|CS|TAMS 0x000000075e600000| PB 0x000000075e600000| Complete 
| 756|0x000000075e800000, 0x000000075ea00000, 0x000000075ea00000|100%| S|CS|TAMS 0x000000075e800000| PB 0x000000075e800000| Complete 
| 757|0x000000075ea00000, 0x000000075ec00000, 0x000000075ec00000|100%| S|CS|TAMS 0x000000075ea00000| PB 0x000000075ea00000| Complete 
| 758|0x000000075ec00000, 0x000000075ee00000, 0x000000075ee00000|100%| S|CS|TAMS 0x000000075ec00000| PB 0x000000075ec00000| Complete 
| 759|0x000000075ee00000, 0x000000075f000000, 0x000000075f000000|100%| S|CS|TAMS 0x000000075ee00000| PB 0x000000075ee00000| Complete 
| 760|0x000000075f000000, 0x000000075f000000, 0x000000075f200000|  0%| F|  |TAMS 0x000000075f000000| PB 0x000000075f000000| Untracked 
| 761|0x000000075f200000, 0x000000075f200000, 0x000000075f400000|  0%| F|  |TAMS 0x000000075f200000| PB 0x000000075f200000| Untracked 
| 762|0x000000075f400000, 0x000000075f400000, 0x000000075f600000|  0%| F|  |TAMS 0x000000075f400000| PB 0x000000075f400000| Untracked 
| 763|0x000000075f600000, 0x000000075f600000, 0x000000075f800000|  0%| F|  |TAMS 0x000000075f600000| PB 0x000000075f600000| Untracked 
| 764|0x000000075f800000, 0x000000075f800000, 0x000000075fa00000|  0%| F|  |TAMS 0x000000075f800000| PB 0x000000075f800000| Untracked 
| 765|0x000000075fa00000, 0x000000075fa00000, 0x000000075fc00000|  0%| F|  |TAMS 0x000000075fa00000| PB 0x000000075fa00000| Untracked 
| 766|0x000000075fc00000, 0x000000075fc00000, 0x000000075fe00000|  0%| F|  |TAMS 0x000000075fc00000| PB 0x000000075fc00000| Untracked 
| 767|0x000000075fe00000, 0x000000075fe00000, 0x0000000760000000|  0%| F|  |TAMS 0x000000075fe00000| PB 0x000000075fe00000| Untracked 
| 768|0x0000000760000000, 0x0000000760000000, 0x0000000760200000|  0%| F|  |TAMS 0x0000000760000000| PB 0x0000000760000000| Untracked 
| 769|0x0000000760200000, 0x0000000760200000, 0x0000000760400000|  0%| F|  |TAMS 0x0000000760200000| PB 0x0000000760200000| Untracked 
| 770|0x0000000760400000, 0x0000000760400000, 0x0000000760600000|  0%| F|  |TAMS 0x0000000760400000| PB 0x0000000760400000| Untracked 
| 771|0x0000000760600000, 0x0000000760600000, 0x0000000760800000|  0%| F|  |TAMS 0x0000000760600000| PB 0x0000000760600000| Untracked 
| 772|0x0000000760800000, 0x0000000760800000, 0x0000000760a00000|  0%| F|  |TAMS 0x0000000760800000| PB 0x0000000760800000| Untracked 
| 773|0x0000000760a00000, 0x0000000760a00000, 0x0000000760c00000|  0%| F|  |TAMS 0x0000000760a00000| PB 0x0000000760a00000| Untracked 
| 774|0x0000000760c00000, 0x0000000760c00000, 0x0000000760e00000|  0%| F|  |TAMS 0x0000000760c00000| PB 0x0000000760c00000| Untracked 
| 775|0x0000000760e00000, 0x0000000760e00000, 0x0000000761000000|  0%| F|  |TAMS 0x0000000760e00000| PB 0x0000000760e00000| Untracked 
| 776|0x0000000761000000, 0x0000000761000000, 0x0000000761200000|  0%| F|  |TAMS 0x0000000761000000| PB 0x0000000761000000| Untracked 
| 777|0x0000000761200000, 0x0000000761200000, 0x0000000761400000|  0%| F|  |TAMS 0x0000000761200000| PB 0x0000000761200000| Untracked 
| 778|0x0000000761400000, 0x0000000761400000, 0x0000000761600000|  0%| F|  |TAMS 0x0000000761400000| PB 0x0000000761400000| Untracked 
| 779|0x0000000761600000, 0x0000000761600000, 0x0000000761800000|  0%| F|  |TAMS 0x0000000761600000| PB 0x0000000761600000| Untracked 
| 780|0x0000000761800000, 0x0000000761800000, 0x0000000761a00000|  0%| F|  |TAMS 0x0000000761800000| PB 0x0000000761800000| Untracked 
| 781|0x0000000761a00000, 0x0000000761a00000, 0x0000000761c00000|  0%| F|  |TAMS 0x0000000761a00000| PB 0x0000000761a00000| Untracked 
| 782|0x0000000761c00000, 0x0000000761c00000, 0x0000000761e00000|  0%| F|  |TAMS 0x0000000761c00000| PB 0x0000000761c00000| Untracked 
| 783|0x0000000761e00000, 0x0000000761e00000, 0x0000000762000000|  0%| F|  |TAMS 0x0000000761e00000| PB 0x0000000761e00000| Untracked 
| 784|0x0000000762000000, 0x0000000762000000, 0x0000000762200000|  0%| F|  |TAMS 0x0000000762000000| PB 0x0000000762000000| Untracked 
| 785|0x0000000762200000, 0x0000000762200000, 0x0000000762400000|  0%| F|  |TAMS 0x0000000762200000| PB 0x0000000762200000| Untracked 
| 786|0x0000000762400000, 0x0000000762400000, 0x0000000762600000|  0%| F|  |TAMS 0x0000000762400000| PB 0x0000000762400000| Untracked 
| 787|0x0000000762600000, 0x0000000762600000, 0x0000000762800000|  0%| F|  |TAMS 0x0000000762600000| PB 0x0000000762600000| Untracked 
| 788|0x0000000762800000, 0x0000000762800000, 0x0000000762a00000|  0%| F|  |TAMS 0x0000000762800000| PB 0x0000000762800000| Untracked 
| 789|0x0000000762a00000, 0x0000000762a00000, 0x0000000762c00000|  0%| F|  |TAMS 0x0000000762a00000| PB 0x0000000762a00000| Untracked 
| 790|0x0000000762c00000, 0x0000000762c00000, 0x0000000762e00000|  0%| F|  |TAMS 0x0000000762c00000| PB 0x0000000762c00000| Untracked 
| 791|0x0000000762e00000, 0x0000000762e00000, 0x0000000763000000|  0%| F|  |TAMS 0x0000000762e00000| PB 0x0000000762e00000| Untracked 
| 792|0x0000000763000000, 0x0000000763000000, 0x0000000763200000|  0%| F|  |TAMS 0x0000000763000000| PB 0x0000000763000000| Untracked 
| 793|0x0000000763200000, 0x0000000763200000, 0x0000000763400000|  0%| F|  |TAMS 0x0000000763200000| PB 0x0000000763200000| Untracked 
| 794|0x0000000763400000, 0x0000000763400000, 0x0000000763600000|  0%| F|  |TAMS 0x0000000763400000| PB 0x0000000763400000| Untracked 
| 795|0x0000000763600000, 0x0000000763600000, 0x0000000763800000|  0%| F|  |TAMS 0x0000000763600000| PB 0x0000000763600000| Untracked 
| 796|0x0000000763800000, 0x0000000763800000, 0x0000000763a00000|  0%| F|  |TAMS 0x0000000763800000| PB 0x0000000763800000| Untracked 
| 797|0x0000000763a00000, 0x0000000763a00000, 0x0000000763c00000|  0%| F|  |TAMS 0x0000000763a00000| PB 0x0000000763a00000| Untracked 
| 798|0x0000000763c00000, 0x0000000763c00000, 0x0000000763e00000|  0%| F|  |TAMS 0x0000000763c00000| PB 0x0000000763c00000| Untracked 
| 799|0x0000000763e00000, 0x0000000763e00000, 0x0000000764000000|  0%| F|  |TAMS 0x0000000763e00000| PB 0x0000000763e00000| Untracked 
| 800|0x0000000764000000, 0x0000000764000000, 0x0000000764200000|  0%| F|  |TAMS 0x0000000764000000| PB 0x0000000764000000| Untracked 
| 801|0x0000000764200000, 0x0000000764200000, 0x0000000764400000|  0%| F|  |TAMS 0x0000000764200000| PB 0x0000000764200000| Untracked 
| 802|0x0000000764400000, 0x0000000764400000, 0x0000000764600000|  0%| F|  |TAMS 0x0000000764400000| PB 0x0000000764400000| Untracked 
| 803|0x0000000764600000, 0x0000000764600000, 0x0000000764800000|  0%| F|  |TAMS 0x0000000764600000| PB 0x0000000764600000| Untracked 
| 804|0x0000000764800000, 0x0000000764800000, 0x0000000764a00000|  0%| F|  |TAMS 0x0000000764800000| PB 0x0000000764800000| Untracked 
| 805|0x0000000764a00000, 0x0000000764a00000, 0x0000000764c00000|  0%| F|  |TAMS 0x0000000764a00000| PB 0x0000000764a00000| Untracked 
| 806|0x0000000764c00000, 0x0000000764c00000, 0x0000000764e00000|  0%| F|  |TAMS 0x0000000764c00000| PB 0x0000000764c00000| Untracked 
| 807|0x0000000764e00000, 0x0000000764e00000, 0x0000000765000000|  0%| F|  |TAMS 0x0000000764e00000| PB 0x0000000764e00000| Untracked 
| 808|0x0000000765000000, 0x0000000765000000, 0x0000000765200000|  0%| F|  |TAMS 0x0000000765000000| PB 0x0000000765000000| Untracked 
| 809|0x0000000765200000, 0x0000000765200000, 0x0000000765400000|  0%| F|  |TAMS 0x0000000765200000| PB 0x0000000765200000| Untracked 
| 810|0x0000000765400000, 0x0000000765400000, 0x0000000765600000|  0%| F|  |TAMS 0x0000000765400000| PB 0x0000000765400000| Untracked 
| 811|0x0000000765600000, 0x0000000765600000, 0x0000000765800000|  0%| F|  |TAMS 0x0000000765600000| PB 0x0000000765600000| Untracked 
| 812|0x0000000765800000, 0x0000000765800000, 0x0000000765a00000|  0%| F|  |TAMS 0x0000000765800000| PB 0x0000000765800000| Untracked 
| 813|0x0000000765a00000, 0x0000000765a00000, 0x0000000765c00000|  0%| F|  |TAMS 0x0000000765a00000| PB 0x0000000765a00000| Untracked 
| 814|0x0000000765c00000, 0x0000000765c00000, 0x0000000765e00000|  0%| F|  |TAMS 0x0000000765c00000| PB 0x0000000765c00000| Untracked 
| 815|0x0000000765e00000, 0x0000000765e00000, 0x0000000766000000|  0%| F|  |TAMS 0x0000000765e00000| PB 0x0000000765e00000| Untracked 
| 816|0x0000000766000000, 0x0000000766000000, 0x0000000766200000|  0%| F|  |TAMS 0x0000000766000000| PB 0x0000000766000000| Untracked 
| 817|0x0000000766200000, 0x0000000766200000, 0x0000000766400000|  0%| F|  |TAMS 0x0000000766200000| PB 0x0000000766200000| Untracked 
| 818|0x0000000766400000, 0x0000000766400000, 0x0000000766600000|  0%| F|  |TAMS 0x0000000766400000| PB 0x0000000766400000| Untracked 
| 819|0x0000000766600000, 0x0000000766600000, 0x0000000766800000|  0%| F|  |TAMS 0x0000000766600000| PB 0x0000000766600000| Untracked 
| 820|0x0000000766800000, 0x0000000766800000, 0x0000000766a00000|  0%| F|  |TAMS 0x0000000766800000| PB 0x0000000766800000| Untracked 
| 821|0x0000000766a00000, 0x0000000766a00000, 0x0000000766c00000|  0%| F|  |TAMS 0x0000000766a00000| PB 0x0000000766a00000| Untracked 
| 822|0x0000000766c00000, 0x0000000766c00000, 0x0000000766e00000|  0%| F|  |TAMS 0x0000000766c00000| PB 0x0000000766c00000| Untracked 
| 823|0x0000000766e00000, 0x0000000766e00000, 0x0000000767000000|  0%| F|  |TAMS 0x0000000766e00000| PB 0x0000000766e00000| Untracked 
| 824|0x0000000767000000, 0x0000000767000000, 0x0000000767200000|  0%| F|  |TAMS 0x0000000767000000| PB 0x0000000767000000| Untracked 
| 825|0x0000000767200000, 0x0000000767200000, 0x0000000767400000|  0%| F|  |TAMS 0x0000000767200000| PB 0x0000000767200000| Untracked 
| 826|0x0000000767400000, 0x0000000767400000, 0x0000000767600000|  0%| F|  |TAMS 0x0000000767400000| PB 0x0000000767400000| Untracked 
| 827|0x0000000767600000, 0x0000000767600000, 0x0000000767800000|  0%| F|  |TAMS 0x0000000767600000| PB 0x0000000767600000| Untracked 
| 828|0x0000000767800000, 0x0000000767800000, 0x0000000767a00000|  0%| F|  |TAMS 0x0000000767800000| PB 0x0000000767800000| Untracked 
| 829|0x0000000767a00000, 0x0000000767a00000, 0x0000000767c00000|  0%| F|  |TAMS 0x0000000767a00000| PB 0x0000000767a00000| Untracked 
|2037|0x00000007fea00000, 0x00000007fea00000, 0x00000007fec00000|  0%| F|  |TAMS 0x00000007fea00000| PB 0x00000007fea00000| Untracked 
|2038|0x00000007fec00000, 0x00000007fec00000, 0x00000007fee00000|  0%| F|  |TAMS 0x00000007fec00000| PB 0x00000007fec00000| Untracked 
|2039|0x00000007fee00000, 0x00000007ff000000, 0x00000007ff000000|100%| O|  |TAMS 0x00000007fee00000| PB 0x00000007fee00000| Untracked 
|2040|0x00000007ff000000, 0x00000007ff000000, 0x00000007ff200000|  0%| F|  |TAMS 0x00000007ff000000| PB 0x00000007ff000000| Untracked 
|2041|0x00000007ff200000, 0x00000007ff400000, 0x00000007ff400000|100%| O|  |TAMS 0x00000007ff200000| PB 0x00000007ff200000| Untracked 
|2042|0x00000007ff400000, 0x00000007ff600000, 0x00000007ff600000|100%| O|  |TAMS 0x00000007ff400000| PB 0x00000007ff400000| Untracked 
|2043|0x00000007ff600000, 0x00000007ff800000, 0x00000007ff800000|100%| O|  |TAMS 0x00000007ff600000| PB 0x00000007ff600000| Untracked 
|2044|0x00000007ff800000, 0x00000007ffa00000, 0x00000007ffa00000|100%| O|  |TAMS 0x00000007ff800000| PB 0x00000007ff800000| Untracked 
|2045|0x00000007ffa00000, 0x00000007ffa00000, 0x00000007ffc00000|  0%| F|  |TAMS 0x00000007ffa00000| PB 0x00000007ffa00000| Untracked 
|2046|0x00000007ffc00000, 0x00000007ffe00000, 0x00000007ffe00000|100%| O|  |TAMS 0x00000007ffc00000| PB 0x00000007ffc00000| Untracked 
|2047|0x00000007ffe00000, 0x00000007ffe00000, 0x0000000800000000|  0%| F|  |TAMS 0x00000007ffe00000| PB 0x00000007ffe00000| Untracked 

Card table byte_map: [0x0000023b22570000,0x0000023b22d70000] _byte_map_base: 0x0000023b1ed70000

Marking Bits: (CMBitMap*) 0x0000023b086a6600
 Bits: [0x0000023b22d70000, 0x0000023b26d70000)

Polling page: 0x0000023b08700000

Metaspace:

Usage:
  Non-class:    167.58 MB used.
      Class:     24.94 MB used.
       Both:    192.53 MB used.

Virtual space:
  Non-class space:      192.00 MB reserved,     169.19 MB ( 88%) committed,  3 nodes.
      Class space:        1.00 GB reserved,      26.50 MB (  3%) committed,  1 nodes.
             Both:        1.19 GB reserved,     195.69 MB ( 16%) committed. 

Chunk freelists:
   Non-Class:  6.73 MB
       Class:  5.47 MB
        Both:  12.20 MB

MaxMetaspaceSize: 2.00 GB
CompressedClassSpaceSize: 1.00 GB
Initial GC threshold: 21.00 MB
Current GC threshold: 322.94 MB
CDS: on
 - commit_granule_bytes: 65536.
 - commit_granule_words: 8192.
 - virtual_space_node_default_size: 8388608.
 - enlarge_chunks_in_place: 1.
 - use_allocation_guard: 0.


Internal statistics:

num_allocs_failed_limit: 9.
num_arena_births: 5746.
num_arena_deaths: 32.
num_vsnodes_births: 4.
num_vsnodes_deaths: 0.
num_space_committed: 3147.
num_space_uncommitted: 15.
num_chunks_returned_to_freelist: 179.
num_chunks_taken_from_freelist: 15072.
num_chunk_merges: 47.
num_chunk_splits: 9795.
num_chunks_enlarged: 6167.
num_inconsistent_stats: 0.

CodeHeap 'non-profiled nmethods': size=120000Kb used=23262Kb max_used=23262Kb free=96737Kb
 bounds [0x0000023b19de0000, 0x0000023b1b4a0000, 0x0000023b21310000]
CodeHeap 'profiled nmethods': size=120000Kb used=61370Kb max_used=61370Kb free=58629Kb
 bounds [0x0000023b12310000, 0x0000023b15f10000, 0x0000023b19840000]
CodeHeap 'non-nmethods': size=5760Kb used=2529Kb max_used=2591Kb free=3230Kb
 bounds [0x0000023b19840000, 0x0000023b19ae0000, 0x0000023b19de0000]
 total_blobs=29695 nmethods=28575 adapters=1020
 compilation: enabled
              stopped_count=0, restarted_count=0
 full_count=0

Compilation events (20 events):
Event: 292.480 Thread 0x0000023b298245b0 nmethod 42397 0x0000023b15313290 code [0x0000023b15313460, 0x0000023b153136d0]
Event: 292.480 Thread 0x0000023b298245b0 42398       2       com.android.tools.r8.ir.optimize.e0::a (375 bytes)
Event: 292.483 Thread 0x0000023b298245b0 nmethod 42398 0x0000023b15efb690 code [0x0000023b15efbaa0, 0x0000023b15efd1a0]
Event: 292.484 Thread 0x0000023b298245b0 42399       2       com.android.tools.r8.internal.gv::<init> (26 bytes)
Event: 292.484 Thread 0x0000023b298245b0 nmethod 42399 0x0000023b15312d10 code [0x0000023b15312ec0, 0x0000023b15313120]
Event: 292.484 Thread 0x0000023b298245b0 42402 %     3       com.android.tools.r8.internal.o51::a @ 98 (259 bytes)
Event: 292.497 Thread 0x0000023b29822380 nmethod 42189 0x0000023b1b495310 code [0x0000023b1b4955e0, 0x0000023b1b4960e0]
Event: 292.497 Thread 0x0000023b29822380 42288       4       com.android.tools.r8.internal.wj::a (335 bytes)
Event: 292.505 Thread 0x0000023b298245b0 nmethod 42402% 0x0000023b15efdf10 code [0x0000023b15efe380, 0x0000023b15f00aa0]
Event: 292.505 Thread 0x0000023b298245b0 42412       2       com.android.tools.r8.internal.s6::a (45 bytes)
Event: 292.505 Thread 0x0000023b29822380 nmethod 42288 0x0000023b1b496990 code [0x0000023b1b496c20, 0x0000023b1b4972f8]
Event: 292.506 Thread 0x0000023b298245b0 nmethod 42412 0x0000023b15312710 code [0x0000023b153128e0, 0x0000023b15312af8]
Event: 292.506 Thread 0x0000023b29822380 42206       4       com.android.tools.r8.internal.w62::b (254 bytes)
Event: 292.506 Thread 0x0000023b298245b0 42406       3       com.android.tools.r8.graph.k::b (53 bytes)
Event: 292.507 Thread 0x0000023b298245b0 nmethod 42406 0x0000023b15311990 code [0x0000023b15311bc0, 0x0000023b15312428]
Event: 292.507 Thread 0x0000023b298245b0 42408       3       com.android.tools.r8.internal.ru$$Lambda/0x0000023b2c9e1f50::apply (24 bytes)
Event: 292.507 Thread 0x0000023b298245b0 nmethod 42408 0x0000023b15311490 code [0x0000023b15311640, 0x0000023b15311898]
Event: 292.507 Thread 0x0000023b298245b0 42411       2       com.android.tools.r8.graph.e2::d (150 bytes)
Event: 292.508 Thread 0x0000023b298245b0 nmethod 42411 0x0000023b15f01690 code [0x0000023b15f01900, 0x0000023b15f01e60]
Event: 292.508 Thread 0x0000023b298245b0 42410   !   2       com.android.tools.r8.internal.k10::A2 (25 bytes)

GC Heap History (20 events):
Event: 271.319 GC heap after
{Heap after GC invocations=90 (full 0):
 garbage-first heap   total 993280K, used 521900K [0x0000000700000000, 0x0000000800000000)
  region size 2048K, 11 young (22528K), 11 survivors (22528K)
 Metaspace       used 177760K, committed 180928K, reserved 1245184K
  class space    used 22755K, committed 24320K, reserved 1048576K
}
Event: 276.300 GC heap before
{Heap before GC invocations=90 (full 0):
 garbage-first heap   total 993280K, used 763564K [0x0000000700000000, 0x0000000800000000)
  region size 2048K, 130 young (266240K), 11 survivors (22528K)
 Metaspace       used 185646K, committed 188800K, reserved 1245184K
  class space    used 23832K, committed 25408K, reserved 1048576K
}
Event: 276.349 GC heap after
{Heap after GC invocations=91 (full 0):
 garbage-first heap   total 993280K, used 542038K [0x0000000700000000, 0x0000000800000000)
  region size 2048K, 10 young (20480K), 10 survivors (20480K)
 Metaspace       used 185646K, committed 188800K, reserved 1245184K
  class space    used 23832K, committed 25408K, reserved 1048576K
}
Event: 281.627 GC heap before
{Heap before GC invocations=91 (full 0):
 garbage-first heap   total 993280K, used 871766K [0x0000000700000000, 0x0000000800000000)
  region size 2048K, 161 young (329728K), 10 survivors (20480K)
 Metaspace       used 190695K, committed 193856K, reserved 1245184K
  class space    used 24543K, committed 26112K, reserved 1048576K
}
Event: 281.662 GC heap after
{Heap after GC invocations=92 (full 0):
 garbage-first heap   total 993280K, used 555008K [0x0000000700000000, 0x0000000800000000)
  region size 2048K, 12 young (24576K), 12 survivors (24576K)
 Metaspace       used 190695K, committed 193856K, reserved 1245184K
  class space    used 24543K, committed 26112K, reserved 1048576K
}
Event: 282.025 GC heap before
{Heap before GC invocations=92 (full 0):
 garbage-first heap   total 993280K, used 884736K [0x0000000700000000, 0x0000000800000000)
  region size 2048K, 173 young (354304K), 12 survivors (24576K)
 Metaspace       used 191878K, committed 195072K, reserved 1245184K
  class space    used 24764K, committed 26368K, reserved 1048576K
}
Event: 282.055 GC heap after
{Heap after GC invocations=93 (full 0):
 garbage-first heap   total 993280K, used 558111K [0x0000000700000000, 0x0000000800000000)
  region size 2048K, 14 young (28672K), 14 survivors (28672K)
 Metaspace       used 191878K, committed 195072K, reserved 1245184K
  class space    used 24764K, committed 26368K, reserved 1048576K
}
Event: 282.693 GC heap before
{Heap before GC invocations=93 (full 0):
 garbage-first heap   total 993280K, used 900127K [0x0000000700000000, 0x0000000800000000)
  region size 2048K, 181 young (370688K), 14 survivors (28672K)
 Metaspace       used 193121K, committed 196288K, reserved 1245184K
  class space    used 24980K, committed 26560K, reserved 1048576K
}
Event: 283.884 GC heap after
{Heap after GC invocations=94 (full 0):
 garbage-first heap   total 1722368K, used 559641K [0x0000000700000000, 0x0000000800000000)
  region size 2048K, 7 young (14336K), 7 survivors (14336K)
 Metaspace       used 193121K, committed 196288K, reserved 1245184K
  class space    used 24980K, committed 26560K, reserved 1048576K
}
Event: 284.013 GC heap before
{Heap before GC invocations=94 (full 0):
 garbage-first heap   total 1722368K, used 631321K [0x0000000700000000, 0x0000000800000000)
  region size 2048K, 42 young (86016K), 7 survivors (14336K)
 Metaspace       used 193152K, committed 196288K, reserved 1245184K
  class space    used 24982K, committed 26560K, reserved 1048576K
}
Event: 284.031 GC heap after
{Heap after GC invocations=95 (full 0):
 garbage-first heap   total 1722368K, used 560617K [0x0000000700000000, 0x0000000800000000)
  region size 2048K, 3 young (6144K), 3 survivors (6144K)
 Metaspace       used 193152K, committed 196288K, reserved 1245184K
  class space    used 24982K, committed 26560K, reserved 1048576K
}
Event: 285.682 GC heap before
{Heap before GC invocations=95 (full 0):
 garbage-first heap   total 1722368K, used 640489K [0x0000000700000000, 0x0000000800000000)
  region size 2048K, 42 young (86016K), 3 survivors (6144K)
 Metaspace       used 195035K, committed 198208K, reserved 1245184K
  class space    used 25204K, committed 26752K, reserved 1048576K
}
Event: 285.698 GC heap after
{Heap after GC invocations=96 (full 0):
 garbage-first heap   total 1722368K, used 562492K [0x0000000700000000, 0x0000000800000000)
  region size 2048K, 5 young (10240K), 5 survivors (10240K)
 Metaspace       used 195035K, committed 198208K, reserved 1245184K
  class space    used 25204K, committed 26752K, reserved 1048576K
}
Event: 286.810 GC heap before
{Heap before GC invocations=97 (full 0):
 garbage-first heap   total 1722368K, used 638268K [0x0000000700000000, 0x0000000800000000)
  region size 2048K, 42 young (86016K), 5 survivors (10240K)
 Metaspace       used 195251K, committed 198464K, reserved 1245184K
  class space    used 25241K, committed 26816K, reserved 1048576K
}
Event: 286.829 GC heap after
{Heap after GC invocations=98 (full 0):
 garbage-first heap   total 1722368K, used 567567K [0x0000000700000000, 0x0000000800000000)
  region size 2048K, 6 young (12288K), 6 survivors (12288K)
 Metaspace       used 195251K, committed 198464K, reserved 1245184K
  class space    used 25241K, committed 26816K, reserved 1048576K
}
Event: 291.520 GC heap before
{Heap before GC invocations=98 (full 0):
 garbage-first heap   total 1722368K, used 1048847K [0x0000000700000000, 0x0000000800000000)
  region size 2048K, 241 young (493568K), 6 survivors (12288K)
 Metaspace       used 196964K, committed 200192K, reserved 1245184K
  class space    used 25522K, committed 27136K, reserved 1048576K
}
Event: 291.582 GC heap after
{Heap after GC invocations=99 (full 0):
 garbage-first heap   total 1722368K, used 583766K [0x0000000700000000, 0x0000000800000000)
  region size 2048K, 18 young (36864K), 18 survivors (36864K)
 Metaspace       used 196964K, committed 200192K, reserved 1245184K
  class space    used 25522K, committed 27136K, reserved 1048576K
}
Event: 291.854 GC heap before
{Heap before GC invocations=99 (full 0):
 garbage-first heap   total 1722368K, used 632918K [0x0000000700000000, 0x0000000800000000)
  region size 2048K, 42 young (86016K), 18 survivors (36864K)
 Metaspace       used 197040K, committed 200256K, reserved 1245184K
  class space    used 25532K, committed 27136K, reserved 1048576K
}
Event: 291.900 GC heap after
{Heap after GC invocations=100 (full 0):
 garbage-first heap   total 1722368K, used 588443K [0x0000000700000000, 0x0000000800000000)
  region size 2048K, 3 young (6144K), 3 survivors (6144K)
 Metaspace       used 197040K, committed 200256K, reserved 1245184K
  class space    used 25532K, committed 27136K, reserved 1048576K
}
Event: 293.445 GC heap before
{Heap before GC invocations=100 (full 0):
 garbage-first heap   total 1722368K, used 735899K [0x0000000700000000, 0x0000000800000000)
  region size 2048K, 75 young (153600K), 3 survivors (6144K)
 Metaspace       used 197146K, committed 200384K, reserved 1245184K
  class space    used 25541K, committed 27136K, reserved 1048576K
}

Dll operation events (16 events):
Event: 0.019 Loaded shared library C:\Program Files\Java\jdk-21.0.11\bin\java.dll
Event: 0.053 Loaded shared library C:\Program Files\Java\jdk-21.0.11\bin\jsvml.dll
Event: 0.111 Loaded shared library C:\Program Files\Java\jdk-21.0.11\bin\zip.dll
Event: 0.119 Loaded shared library C:\Program Files\Java\jdk-21.0.11\bin\instrument.dll
Event: 0.126 Loaded shared library C:\Program Files\Java\jdk-21.0.11\bin\net.dll
Event: 0.129 Loaded shared library C:\Program Files\Java\jdk-21.0.11\bin\nio.dll
Event: 0.132 Loaded shared library C:\Program Files\Java\jdk-21.0.11\bin\zip.dll
Event: 0.565 Loaded shared library C:\Program Files\Java\jdk-21.0.11\bin\jimage.dll
Event: 0.957 Loaded shared library C:\Program Files\Java\jdk-21.0.11\bin\verify.dll
Event: 1.017 Loaded shared library C:\Users\rohit\.gradle\native\1def1411415f61bf3af743bc5b6707747c0891f09f0c88961ee8f79bc544acac\windows-amd64\native-platform.dll
Event: 1.050 Loaded shared library C:\Users\rohit\.gradle\native\0.2.8\x86_64-windows-gnu\gradle-fileevents.dll
Event: 2.821 Loaded shared library C:\Program Files\Java\jdk-21.0.11\bin\management.dll
Event: 2.823 Loaded shared library C:\Program Files\Java\jdk-21.0.11\bin\management_ext.dll
Event: 2.998 Loaded shared library C:\Program Files\Java\jdk-21.0.11\bin\extnet.dll
Event: 3.304 Loaded shared library C:\Program Files\Java\jdk-21.0.11\bin\sunmscapi.dll
Event: 55.517 Loaded shared library C:\Program Files\Java\jdk-21.0.11\bin\rmi.dll

Deoptimization events (20 events):
Event: 292.425 Thread 0x0000023b7ae86210 DEOPT PACKING pc=0x0000023b15ef5c86 sp=0x0000004774ffeb90
Event: 292.425 Thread 0x0000023b7ae86210 DEOPT UNPACKING pc=0x0000023b19894e42 sp=0x0000004774ffe238 mode 0
Event: 292.425 Thread 0x0000023b7ae80cc0 Uncommon trap: trap_request=0xffffffde fr.pc=0x0000023b1a3440e0 relative=0x0000000000000100
Event: 292.425 Thread 0x0000023b7ae80cc0 Uncommon trap: reason=class_check action=maybe_recompile pc=0x0000023b1a3440e0 method=com.android.tools.r8.androidapi.f.d(Lcom/android/tools/r8/androidapi/f;)Z @ 39 c2
Event: 292.425 Thread 0x0000023b7ae80cc0 DEOPT PACKING pc=0x0000023b1a3440e0 sp=0x00000047737fce10
Event: 292.425 Thread 0x0000023b7ae80cc0 DEOPT UNPACKING pc=0x0000023b198946a2 sp=0x00000047737fcd50 mode 2
Event: 292.443 Thread 0x0000023b7ae80cc0 Uncommon trap: trap_request=0xffffffde fr.pc=0x0000023b1a344118 relative=0x0000000000000138
Event: 292.443 Thread 0x0000023b7ae80cc0 Uncommon trap: reason=class_check action=maybe_recompile pc=0x0000023b1a344118 method=com.android.tools.r8.androidapi.f.d(Lcom/android/tools/r8/androidapi/f;)Z @ 39 c2
Event: 292.444 Thread 0x0000023b7ae80cc0 DEOPT PACKING pc=0x0000023b1a344118 sp=0x00000047737fcdd0
Event: 292.444 Thread 0x0000023b7ae80cc0 DEOPT UNPACKING pc=0x0000023b198946a2 sp=0x00000047737fcd10 mode 2
Event: 292.490 Thread 0x0000023b7ae868a0 DEOPT PACKING pc=0x0000023b15ef5c86 sp=0x00000047751fec10
Event: 292.490 Thread 0x0000023b7ae868a0 DEOPT UNPACKING pc=0x0000023b19894e42 sp=0x00000047751fe2b8 mode 0
Event: 292.493 Thread 0x0000023b7ae80cc0 Uncommon trap: trap_request=0xffffffde fr.pc=0x0000023b1ab9ee14 relative=0x0000000000000874
Event: 292.493 Thread 0x0000023b7ae80cc0 Uncommon trap: reason=class_check action=maybe_recompile pc=0x0000023b1ab9ee14 method=com.android.tools.r8.androidapi.f.d(Lcom/android/tools/r8/androidapi/f;)Z @ 39 c2
Event: 292.493 Thread 0x0000023b7ae80cc0 DEOPT PACKING pc=0x0000023b1ab9ee14 sp=0x00000047737fd810
Event: 292.493 Thread 0x0000023b7ae80cc0 DEOPT UNPACKING pc=0x0000023b198946a2 sp=0x00000047737fd688 mode 2
Event: 292.499 Thread 0x0000023b7ae868a0 DEOPT PACKING pc=0x0000023b12eccc67 sp=0x00000047751ff0a0
Event: 292.499 Thread 0x0000023b7ae868a0 DEOPT UNPACKING pc=0x0000023b19894e42 sp=0x00000047751fe578 mode 0
Event: 292.524 Thread 0x0000023b7ae83ab0 DEOPT PACKING pc=0x0000023b12eccc67 sp=0x00000047747fef50
Event: 292.524 Thread 0x0000023b7ae83ab0 DEOPT UNPACKING pc=0x0000023b19894e42 sp=0x00000047747fe428 mode 0

Classes loaded (20 events):
Event: 274.632 Loading class sun/security/ssl/SSLEngineOutputRecord$HandshakeFragment
Event: 274.632 Loading class sun/security/ssl/SSLEngineOutputRecord$HandshakeFragment done
Event: 274.633 Loading class sun/security/ssl/SSLEngineOutputRecord$HandshakeMemo
Event: 274.633 Loading class sun/security/ssl/SSLEngineOutputRecord$RecordMemo
Event: 274.633 Loading class sun/security/ssl/SSLEngineOutputRecord$RecordMemo done
Event: 274.633 Loading class sun/security/ssl/SSLEngineOutputRecord$HandshakeMemo done
Event: 274.645 Loading class sun/security/ssl/PreSharedKeyExtension$SHPreSharedKeySpec
Event: 274.646 Loading class sun/security/ssl/PreSharedKeyExtension$SHPreSharedKeySpec done
Event: 275.818 Loading class java/util/concurrent/Executors$AutoShutdownDelegatedExecutorService
Event: 275.819 Loading class java/util/concurrent/Executors$AutoShutdownDelegatedExecutorService done
Event: 276.636 Loading class java/util/IdentityHashMap$ValueIterator
Event: 276.640 Loading class java/util/IdentityHashMap$ValueIterator done
Event: 279.178 Loading class javax/xml/stream/FactoryFinder
Event: 279.182 Loading class javax/xml/stream/FactoryFinder done
Event: 279.184 Loading class javax/xml/stream/FactoryFinder$1
Event: 279.185 Loading class javax/xml/stream/FactoryFinder$1 done
Event: 284.315 Loading class java/util/concurrent/locks/ReentrantReadWriteLock$Sync$HoldCounter
Event: 284.318 Loading class java/util/concurrent/locks/ReentrantReadWriteLock$Sync$HoldCounter done
Event: 284.350 Loading class java/util/ArrayDeque$DescendingIterator
Event: 284.351 Loading class java/util/ArrayDeque$DescendingIterator done

Classes unloaded (20 events):
Event: 270.735 Thread 0x0000023b297e9450 Unloading class 0x0000023b2c59a6b0 'jdk/internal/jimage/ImageHeader'
Event: 270.735 Thread 0x0000023b297e9450 Unloading class 0x0000023b2c59a488 'jdk/internal/jimage/BasicImageReader$2'
Event: 270.735 Thread 0x0000023b297e9450 Unloading class 0x0000023b2c59a260 'jdk/internal/jimage/BasicImageReader$1'
Event: 270.735 Thread 0x0000023b297e9450 Unloading class 0x0000023b2c59a000 'jdk/internal/jimage/ImageReader$Resource'
Event: 270.735 Thread 0x0000023b297e9450 Unloading class 0x0000023b2c599c88 'jdk/internal/jimage/ImageReader$LinkNode'
Event: 270.735 Thread 0x0000023b297e9450 Unloading class 0x0000023b2c599a28 'jdk/internal/jimage/ImageReader$Directory'
Event: 270.735 Thread 0x0000023b297e9450 Unloading class 0x0000023b2c5997c8 'jdk/internal/jimage/ImageReader$Node'
Event: 270.735 Thread 0x0000023b297e9450 Unloading class 0x0000023b2c5995d8 'jdk/internal/jimage/ImageStrings'
Event: 270.735 Thread 0x0000023b297e9450 Unloading class 0x0000023b2c599320 'jdk/internal/jimage/ImageReader$SharedImageReader'
Event: 270.735 Thread 0x0000023b297e9450 Unloading class 0x0000023b2c599068 'jdk/internal/jimage/BasicImageReader'
Event: 270.735 Thread 0x0000023b297e9450 Unloading class 0x0000023b2c598e50 'jdk/internal/jimage/ImageReader'
Event: 270.735 Thread 0x0000023b297e9450 Unloading class 0x0000023b2c598c30 'jdk/internal/jrtfs/SystemImage$2'
Event: 270.735 Thread 0x0000023b297e9450 Unloading class 0x0000023b2c598a20 'jdk/internal/jrtfs/SystemImage$$Lambda+0x0000023b2c598a20'
Event: 270.735 Thread 0x0000023b297e9450 Unloading class 0x0000023b2c5987f8 'jdk/internal/jrtfs/ExplodedImage'
Event: 270.735 Thread 0x0000023b297e9450 Unloading class 0x0000023b2c5985c8 'jdk/internal/jrtfs/SystemImage$1'
Event: 270.735 Thread 0x0000023b297e9450 Unloading class 0x0000023b2c594dd8 'jdk/internal/jrtfs/SystemImage'
Event: 270.735 Thread 0x0000023b297e9450 Unloading class 0x0000023b2c598370 'jdk/internal/jrtfs/JrtFileStore'
Event: 270.735 Thread 0x0000023b297e9450 Unloading class 0x0000023b2c598000 'jdk/internal/jrtfs/JrtPath'
Event: 270.735 Thread 0x0000023b297e9450 Unloading class 0x0000023b2c594ae8 'jdk/internal/jrtfs/JrtFileSystem'
Event: 270.736 Thread 0x0000023b297e9450 Unloading class 0x0000023b2c594800 'jdk/internal/jrtfs/JrtFileSystemProvider'

Classes redefined (0 events):
No events

Internal exceptions (20 events):
Event: 291.146 Thread 0x0000023b7ae85b80 Exception <a 'java/lang/NoSuchMethodError'{0x000000074bda75c8}: 'java.lang.Object java.lang.invoke.Invokers$Holder.linkToTargetMethod(java.lang.Object, int, java.lang.Object, java.lang.Object, java.lang.Object, java.lang.Object, java.lang.Object, java.lang.Object, java.lang.Object, java.lang.Object, java.lang.Object, java.lang.Object, java.lang.Object)'> (0x000000074bda75c8) 
thrown [s\open\src\hotspot\share\interpreter\linkResolver.cpp, line 773]
Event: 291.148 Thread 0x0000023b7ae89d20 Exception <a 'java/lang/NoSuchMethodError'{0x000000074ba49078}: 'java.lang.Object java.lang.invoke.Invokers$Holder.linkToTargetMethod(java.lang.Object, int, java.lang.Object, java.lang.Object, java.lang.Object, java.lang.Object, java.lang.Object, java.lang.Object, java.lang.Object, java.lang.Object, java.lang.Object, java.lang.Object, java.lang.Object)'> (0x000000074ba49078) 
thrown [s\open\src\hotspot\share\interpreter\linkResolver.cpp, line 773]
Event: 291.148 Thread 0x0000023b7ae86210 Exception <a 'java/lang/NoSuchMethodError'{0x000000074c1e3a48}: 'java.lang.Object java.lang.invoke.Invokers$Holder.linkToTargetMethod(java.lang.Object, int, java.lang.Object, java.lang.Object, java.lang.Object, java.lang.Object, java.lang.Object, java.lang.Object, java.lang.Object, java.lang.Object, java.lang.Object, java.lang.Object, java.lang.Object)'> (0x000000074c1e3a48) 
thrown [s\open\src\hotspot\share\interpreter\linkResolver.cpp, line 773]
Event: 291.148 Thread 0x0000023b7ae868a0 Exception <a 'java/lang/NoSuchMethodError'{0x000000074bcac728}: 'java.lang.Object java.lang.invoke.Invokers$Holder.linkToTargetMethod(java.lang.Object, int, java.lang.Object, java.lang.Object, java.lang.Object, java.lang.Object, java.lang.Object, java.lang.Object, java.lang.Object, java.lang.Object, java.lang.Object, java.lang.Object, java.lang.Object)'> (0x000000074bcac728) 
thrown [s\open\src\hotspot\share\interpreter\linkResolver.cpp, line 773]
Event: 291.251 Thread 0x0000023b7ae86210 Exception <a 'java/lang/IncompatibleClassChangeError'{0x000000074bbbe4b8}: Found class java.lang.Object, but interface was expected> (0x000000074bbbe4b8) 
thrown [s\open\src\hotspot\share\interpreter\linkResolver.cpp, line 840]
Event: 291.251 Thread 0x0000023b7ae85b80 Exception <a 'java/lang/IncompatibleClassChangeError'{0x000000074b80caa8}: Found class java.lang.Object, but interface was expected> (0x000000074b80caa8) 
thrown [s\open\src\hotspot\share\interpreter\linkResolver.cpp, line 840]
Event: 291.251 Thread 0x0000023b7ae8a3b0 Exception <a 'java/lang/IncompatibleClassChangeError'{0x000000074b952840}: Found class java.lang.Object, but interface was expected> (0x000000074b952840) 
thrown [s\open\src\hotspot\share\interpreter\linkResolver.cpp, line 840]
Event: 291.251 Thread 0x0000023b7ae83ab0 Exception <a 'java/lang/IncompatibleClassChangeError'{0x000000074b8922a0}: Found class java.lang.Object, but interface was expected> (0x000000074b8922a0) 
thrown [s\open\src\hotspot\share\interpreter\linkResolver.cpp, line 840]
Event: 291.251 Thread 0x0000023b7ae868a0 Exception <a 'java/lang/IncompatibleClassChangeError'{0x000000074bb9d920}: Found class java.lang.Object, but interface was expected> (0x000000074bb9d920) 
thrown [s\open\src\hotspot\share\interpreter\linkResolver.cpp, line 840]
Event: 291.290 Thread 0x0000023b7ae82070 Exception <a 'java/lang/NoSuchMethodError'{0x000000074b477ba0}: 'void java.lang.invoke.DirectMethodHandle$Holder.invokeSpecialIFC(java.lang.Object, java.lang.Object, java.lang.Object, java.lang.Object)'> (0x000000074b477ba0) 
thrown [s\open\src\hotspot\share\interpreter\linkResolver.cpp, line 773]
Event: 291.290 Thread 0x0000023b7ae8a3b0 Exception <a 'java/lang/NoSuchMethodError'{0x000000074b95d680}: 'void java.lang.invoke.DirectMethodHandle$Holder.invokeSpecialIFC(java.lang.Object, java.lang.Object, java.lang.Object, java.lang.Object)'> (0x000000074b95d680) 
thrown [s\open\src\hotspot\share\interpreter\linkResolver.cpp, line 773]
Event: 291.290 Thread 0x0000023b7ae83420 Exception <a 'java/lang/NoSuchMethodError'{0x000000074b627120}: 'void java.lang.invoke.DirectMethodHandle$Holder.invokeSpecialIFC(java.lang.Object, java.lang.Object, java.lang.Object, java.lang.Object)'> (0x000000074b627120) 
thrown [s\open\src\hotspot\share\interpreter\linkResolver.cpp, line 773]
Event: 291.290 Thread 0x0000023b7ae83ab0 Exception <a 'java/lang/NoSuchMethodError'{0x000000074b46a7a8}: 'void java.lang.invoke.DirectMethodHandle$Holder.invokeSpecialIFC(java.lang.Object, java.lang.Object, java.lang.Object, java.lang.Object)'> (0x000000074b46a7a8) 
thrown [s\open\src\hotspot\share\interpreter\linkResolver.cpp, line 773]
Event: 291.290 Thread 0x0000023b7ae868a0 Exception <a 'java/lang/NoSuchMethodError'{0x000000074b566f70}: 'void java.lang.invoke.DirectMethodHandle$Holder.invokeSpecialIFC(java.lang.Object, java.lang.Object, java.lang.Object, java.lang.Object)'> (0x000000074b566f70) 
thrown [s\open\src\hotspot\share\interpreter\linkResolver.cpp, line 773]
Event: 291.314 Thread 0x0000023b7ae83420 Exception <a 'java/lang/NoSuchMethodError'{0x000000074b5d9b78}: 'java.lang.Object java.lang.invoke.DirectMethodHandle$Holder.invokeSpecial(java.lang.Object, java.lang.Object, int, java.lang.Object, java.lang.Object, java.lang.Object)'> (0x000000074b5d9b78) 
thrown [s\open\src\hotspot\share\interpreter\linkResolver.cpp, line 773]
Event: 291.314 Thread 0x0000023b7ae83ab0 Exception <a 'java/lang/NoSuchMethodError'{0x000000074b2346f8}: 'java.lang.Object java.lang.invoke.DirectMethodHandle$Holder.invokeSpecial(java.lang.Object, java.lang.Object, int, java.lang.Object, java.lang.Object, java.lang.Object)'> (0x000000074b2346f8) 
thrown [s\open\src\hotspot\share\interpreter\linkResolver.cpp, line 773]
Event: 291.416 Thread 0x0000023b7ae83ab0 Exception <a 'java/lang/IncompatibleClassChangeError'{0x000000074ac6bba0}: Found class java.lang.Object, but interface was expected> (0x000000074ac6bba0) 
thrown [s\open\src\hotspot\share\interpreter\linkResolver.cpp, line 840]
Event: 291.943 Thread 0x0000023b7ae85b80 Implicit null exception at 0x0000023b1b31269d to 0x0000023b1b318d08
Event: 292.339 Thread 0x0000023b7ae89d20 Implicit null exception at 0x0000023b1b40f0e7 to 0x0000023b1b40ff64
Event: 292.339 Thread 0x0000023b7ae89d20 Implicit null exception at 0x0000023b1a796c8c to 0x0000023b1a796d18

ZGC Phase Switch (0 events):
No events

VM Operations (20 events):
Event: 291.090 Executing VM operation: HandshakeAllThreads (Deoptimize) done
Event: 291.518 Executing VM operation: G1CollectForAllocation (G1 Evacuation Pause)
Event: 291.583 Executing VM operation: G1CollectForAllocation (G1 Evacuation Pause) done
Event: 291.701 Executing VM operation: ICBufferFull
Event: 291.703 Executing VM operation: ICBufferFull done
Event: 291.854 Executing VM operation: G1CollectForAllocation (G1 Evacuation Pause)
Event: 291.901 Executing VM operation: G1CollectForAllocation (G1 Evacuation Pause) done
Event: 291.960 Executing VM operation: HandshakeAllThreads (Deoptimize)
Event: 291.966 Executing VM operation: HandshakeAllThreads (Deoptimize) done
Event: 291.974 Executing VM operation: HandshakeAllThreads (Deoptimize)
Event: 291.974 Executing VM operation: HandshakeAllThreads (Deoptimize) done
Event: 292.007 Executing VM operation: ICBufferFull
Event: 292.029 Executing VM operation: ICBufferFull done
Event: 292.203 Executing VM operation: HandshakeAllThreads (Deoptimize)
Event: 292.206 Executing VM operation: HandshakeAllThreads (Deoptimize) done
Event: 292.396 Executing VM operation: ICBufferFull
Event: 292.401 Executing VM operation: ICBufferFull done
Event: 292.408 Executing VM operation: ICBufferFull
Event: 292.412 Executing VM operation: ICBufferFull done
Event: 292.531 Executing VM operation: G1CollectForAllocation (G1 Evacuation Pause)

Events (20 events):
Event: 286.267 Thread 0x0000023b297e9450 flushing nmethod 0x0000023b12801810
Event: 286.267 Thread 0x0000023b297e9450 flushing nmethod 0x0000023b1289e890
Event: 286.267 Thread 0x0000023b297e9450 flushing nmethod 0x0000023b128f3c90
Event: 286.267 Thread 0x0000023b297e9450 flushing nmethod 0x0000023b12ac1b10
Event: 286.267 Thread 0x0000023b297e9450 flushing nmethod 0x0000023b12b2c210
Event: 286.267 Thread 0x0000023b297e9450 flushing nmethod 0x0000023b12b2dd10
Event: 286.267 Thread 0x0000023b297e9450 flushing nmethod 0x0000023b12b85090
Event: 286.267 Thread 0x0000023b297e9450 flushing nmethod 0x0000023b12b96e90
Event: 286.267 Thread 0x0000023b297e9450 flushing nmethod 0x0000023b12c06410
Event: 286.268 Thread 0x0000023b297e9450 flushing nmethod 0x0000023b12deab90
Event: 286.268 Thread 0x0000023b297e9450 flushing nmethod 0x0000023b12eaea10
Event: 286.268 Thread 0x0000023b297e9450 flushing nmethod 0x0000023b130a5a90
Event: 286.268 Thread 0x0000023b297e9450 flushing nmethod 0x0000023b132ccc10
Event: 286.268 Thread 0x0000023b297e9450 flushing nmethod 0x0000023b1338e990
Event: 286.268 Thread 0x0000023b297e9450 flushing nmethod 0x0000023b1347e510
Event: 286.268 Thread 0x0000023b297e9450 flushing nmethod 0x0000023b134c5e10
Event: 286.268 Thread 0x0000023b297e9450 flushing nmethod 0x0000023b1369a790
Event: 286.268 Thread 0x0000023b297e9450 flushing nmethod 0x0000023b13cfd490
Event: 286.268 Thread 0x0000023b297e9450 flushing nmethod 0x0000023b14262190
Event: 286.268 Thread 0x0000023b297e9450 flushing nmethod 0x0000023b14766910


Dynamic libraries:
0x00007ff76dcd0000 - 0x00007ff76dce0000 	C:\Program Files\Java\jdk-21.0.11\bin\java.exe
0x00007ffc3eac0000 - 0x00007ffc3ed26000 	C:\windows\SYSTEM32\ntdll.dll
0x00007ffc3d1c0000 - 0x00007ffc3d289000 	C:\windows\System32\KERNEL32.DLL
0x00007ffc3c140000 - 0x00007ffc3c53e000 	C:\windows\System32\KERNELBASE.dll
0x00007ffc3bfe0000 - 0x00007ffc3c12c000 	C:\windows\System32\ucrtbase.dll
0x00007ffc2b540000 - 0x00007ffc2b55e000 	C:\Program Files\Java\jdk-21.0.11\bin\VCRUNTIME140.dll
0x00007ffc002a0000 - 0x00007ffc002b9000 	C:\Program Files\Java\jdk-21.0.11\bin\jli.dll
0x00007ffc3d090000 - 0x00007ffc3d147000 	C:\windows\System32\ADVAPI32.dll
0x00007ffc3c8d0000 - 0x00007ffc3c979000 	C:\windows\System32\msvcrt.dll
0x00007ffc3dff0000 - 0x00007ffc3e09a000 	C:\windows\System32\sechost.dll
0x00007ffc3d290000 - 0x00007ffc3d3a8000 	C:\windows\System32\RPCRT4.dll
0x00007ffc3e290000 - 0x00007ffc3e457000 	C:\windows\System32\USER32.dll
0x00007ffc3bda0000 - 0x00007ffc3bdc7000 	C:\windows\System32\win32u.dll
0x00007ffc3c810000 - 0x00007ffc3c83b000 	C:\windows\System32\GDI32.dll
0x00007ffc149e0000 - 0x00007ffc14c72000 	C:\windows\WinSxS\amd64_microsoft.windows.common-controls_6595b64144ccf1df_6.0.26100.8894_none_3e0f749ee32e02ea\COMCTL32.dll
0x00007ffc3c600000 - 0x00007ffc3c72a000 	C:\windows\System32\gdi32full.dll
0x00007ffc3c550000 - 0x00007ffc3c5f3000 	C:\windows\System32\msvcp_win.dll
0x00007ffc2cdc0000 - 0x00007ffc2cdcb000 	C:\windows\SYSTEM32\VERSION.dll
0x00007ffc3dde0000 - 0x00007ffc3de12000 	C:\windows\System32\IMM32.DLL
0x00007ffc2b520000 - 0x00007ffc2b52c000 	C:\Program Files\Java\jdk-21.0.11\bin\vcruntime140_1.dll
0x00007ffbd9790000 - 0x00007ffbd981d000 	C:\Program Files\Java\jdk-21.0.11\bin\msvcp140.dll
0x00007ffb61e70000 - 0x00007ffb62b98000 	C:\Program Files\Java\jdk-21.0.11\bin\server\jvm.dll
0x00007ffc3e960000 - 0x00007ffc3e9e0000 	C:\windows\System32\WS2_32.dll
0x00007ffc2f6f0000 - 0x00007ffc2f726000 	C:\windows\SYSTEM32\WINMM.dll
0x00007ffc3bb40000 - 0x00007ffc3bb9e000 	C:\windows\SYSTEM32\POWRPROF.dll
0x00007ffc3bb20000 - 0x00007ffc3bb34000 	C:\windows\SYSTEM32\UMPDC.dll
0x00007ffc3a9c0000 - 0x00007ffc3a9db000 	C:\windows\SYSTEM32\kernel.appcore.dll
0x00007ffc16010000 - 0x00007ffc1601a000 	C:\Program Files\Java\jdk-21.0.11\bin\jimage.dll
0x00007ffc284c0000 - 0x00007ffc28702000 	C:\windows\SYSTEM32\DBGHELP.DLL
0x00007ffc3e460000 - 0x00007ffc3e7e3000 	C:\windows\System32\combase.dll
0x00007ffc3c980000 - 0x00007ffc3ca59000 	C:\windows\System32\OLEAUT32.dll
0x00007ffc27b40000 - 0x00007ffc27b7b000 	C:\windows\SYSTEM32\dbgcore.DLL
0x00007ffc3c730000 - 0x00007ffc3c7dc000 	C:\windows\System32\bcryptPrimitives.dll
0x00007ffbffbc0000 - 0x00007ffbffbd0000 	C:\Program Files\Java\jdk-21.0.11\bin\instrument.dll
0x00007ffbfc7e0000 - 0x00007ffbfc801000 	C:\Program Files\Java\jdk-21.0.11\bin\java.dll
0x00007ffc3d640000 - 0x00007ffc3ddd2000 	C:\windows\System32\SHELL32.dll
0x00007ffc39780000 - 0x00007ffc3a012000 	C:\windows\SYSTEM32\windows.storage.dll
0x00007ffc3cef0000 - 0x00007ffc3cfe7000 	C:\windows\System32\SHCORE.dll
0x00007ffc3d150000 - 0x00007ffc3d1b7000 	C:\windows\System32\shlwapi.dll
0x00007ffc3bc00000 - 0x00007ffc3bc29000 	C:\windows\SYSTEM32\profapi.dll
0x00007ffbd6d90000 - 0x00007ffbd6e67000 	C:\Program Files\Java\jdk-21.0.11\bin\jsvml.dll
0x00007ffbfc7a0000 - 0x00007ffbfc7b8000 	C:\Program Files\Java\jdk-21.0.11\bin\zip.dll
0x00007ffbfff00000 - 0x00007ffbfff11000 	C:\Program Files\Java\jdk-21.0.11\bin\net.dll
0x00007ffc2f250000 - 0x00007ffc2f377000 	C:\windows\SYSTEM32\WINHTTP.dll
0x00007ffc3af70000 - 0x00007ffc3afdc000 	C:\windows\system32\mswsock.dll
0x00007ffbfc7c0000 - 0x00007ffbfc7d6000 	C:\Program Files\Java\jdk-21.0.11\bin\nio.dll
0x00007ffc15fe0000 - 0x00007ffc15ff0000 	C:\Program Files\Java\jdk-21.0.11\bin\verify.dll
0x00007ffbcf3b0000 - 0x00007ffbcf3d7000 	C:\Users\rohit\.gradle\native\1def1411415f61bf3af743bc5b6707747c0891f09f0c88961ee8f79bc544acac\windows-amd64\native-platform.dll
0x00007ffbc6c50000 - 0x00007ffbc6cc7000 	C:\Users\rohit\.gradle\native\0.2.8\x86_64-windows-gnu\gradle-fileevents.dll
0x00007ffc15ee0000 - 0x00007ffc15eea000 	C:\Program Files\Java\jdk-21.0.11\bin\management.dll
0x00007ffc00290000 - 0x00007ffc0029c000 	C:\Program Files\Java\jdk-21.0.11\bin\management_ext.dll
0x00007ffc3dfe0000 - 0x00007ffc3dfe8000 	C:\windows\System32\PSAPI.DLL
0x00007ffc3a2f0000 - 0x00007ffc3a323000 	C:\windows\SYSTEM32\IPHLPAPI.DLL
0x00007ffc3d080000 - 0x00007ffc3d08a000 	C:\windows\System32\NSI.dll
0x00007ffbffd20000 - 0x00007ffbffd29000 	C:\Program Files\Java\jdk-21.0.11\bin\extnet.dll
0x00007ffc3b290000 - 0x00007ffc3b2ab000 	C:\windows\SYSTEM32\CRYPTSP.dll
0x00007ffc3a920000 - 0x00007ffc3a959000 	C:\windows\system32\rsaenh.dll
0x00007ffc3b030000 - 0x00007ffc3b062000 	C:\windows\SYSTEM32\USERENV.dll
0x00007ffc3bbd0000 - 0x00007ffc3bbfa000 	C:\windows\SYSTEM32\bcrypt.dll
0x00007ffc3b270000 - 0x00007ffc3b27c000 	C:\windows\SYSTEM32\CRYPTBASE.dll
0x00007ffbfe890000 - 0x00007ffbfe89e000 	C:\Program Files\Java\jdk-21.0.11\bin\sunmscapi.dll
0x00007ffc3be60000 - 0x00007ffc3bfd8000 	C:\windows\System32\CRYPT32.dll
0x00007ffc3b4b0000 - 0x00007ffc3b4e0000 	C:\windows\SYSTEM32\ncrypt.dll
0x00007ffc3b460000 - 0x00007ffc3b49f000 	C:\windows\SYSTEM32\NTASN1.dll
0x00007ffc38a50000 - 0x00007ffc38a58000 	C:\windows\system32\wshunix.dll
0x00007ffc3aaf0000 - 0x00007ffc3ab26000 	C:\windows\SYSTEM32\ntmarta.dll
0x00007ffbfe6c0000 - 0x00007ffbfe6c7000 	C:\Program Files\Java\jdk-21.0.11\bin\rmi.dll
0x00007ffc3a330000 - 0x00007ffc3a486000 	C:\windows\SYSTEM32\DNSAPI.dll
0x00007ffc3ad70000 - 0x00007ffc3ad7d000 	C:\windows\SYSTEM32\DSPARSE.dll
0x00007ffc2db60000 - 0x00007ffc2db6b000 	C:\Windows\System32\rasadhlp.dll
0x00007ffc351b0000 - 0x00007ffc35236000 	C:\windows\System32\fwpuclnt.dll

dbghelp: loaded successfully - version: 4.0.5 - missing functions: none
symbol engine: initialized successfully - sym options: 0x614 - pdb path: .;C:\Program Files\Java\jdk-21.0.11\bin;C:\windows\SYSTEM32;C:\windows\WinSxS\amd64_microsoft.windows.common-controls_6595b64144ccf1df_6.0.26100.8894_none_3e0f749ee32e02ea;C:\Program Files\Java\jdk-21.0.11\bin\server;C:\Users\rohit\.gradle\native\1def1411415f61bf3af743bc5b6707747c0891f09f0c88961ee8f79bc544acac\windows-amd64;C:\Users\rohit\.gradle\native\0.2.8\x86_64-windows-gnu

VM Arguments:
jvm_args: --add-opens=java.base/java.lang=ALL-UNNAMED --add-opens=java.base/java.lang.invoke=ALL-UNNAMED --add-opens=java.base/java.util=ALL-UNNAMED --add-opens=java.prefs/java.util.prefs=ALL-UNNAMED --add-exports=jdk.compiler/com.sun.tools.javac.api=ALL-UNNAMED --add-exports=jdk.compiler/com.sun.tools.javac.util=ALL-UNNAMED --add-opens=java.base/java.util=ALL-UNNAMED --add-opens=java.prefs/java.util.prefs=ALL-UNNAMED --add-opens=java.base/java.nio.charset=ALL-UNNAMED --add-opens=java.base/java.net=ALL-UNNAMED --add-opens=java.base/java.util.concurrent=ALL-UNNAMED --add-opens=java.base/java.util.concurrent.atomic=ALL-UNNAMED --add-opens=java.xml/javax.xml.namespace=ALL-UNNAMED --add-opens=java.base/java.time=ALL-UNNAMED -XX:MaxMetaspaceSize=2G -XX:+HeapDumpOnOutOfMemoryError -Xmx4G -Dfile.encoding=UTF-8 -Duser.country=IN -Duser.language=en -Duser.variant -javaagent:C:\Users\rohit\.gradle\wrapper\dists\gradle-9.1.0-all\7wzd0jkjit61aq2p43wpjgij9\gradle-9.1.0\lib\agents\gradle-instrumentation-agent-9.1.0.jar 
java_command: org.gradle.launcher.daemon.bootstrap.GradleDaemon 9.1.0
java_class_path (initial): C:\Users\rohit\.gradle\wrapper\dists\gradle-9.1.0-all\7wzd0jkjit61aq2p43wpjgij9\gradle-9.1.0\lib\gradle-daemon-main-9.1.0.jar
Launcher Type: SUN_STANDARD

[Global flags]
     intx CICompilerCount                          = 4                                         {product} {ergonomic}
     uint ConcGCThreads                            = 2                                         {product} {ergonomic}
     uint G1ConcRefinementThreads                  = 8                                         {product} {ergonomic}
   size_t G1HeapRegionSize                         = 2097152                                   {product} {ergonomic}
    uintx GCDrainStackTargetSize                   = 64                                        {product} {ergonomic}
     bool HeapDumpOnOutOfMemoryError               = true                                   {manageable} {command line}
   size_t InitialHeapSize                          = 121634816                                 {product} {ergonomic}
   size_t MarkStackSize                            = 4194304                                   {product} {ergonomic}
   size_t MaxHeapSize                              = 4294967296                                {product} {command line}
   size_t MaxMetaspaceSize                         = 2147483648                                {product} {command line}
   size_t MaxNewSize                               = 2575302656                                {product} {ergonomic}
   size_t MinHeapDeltaBytes                        = 2097152                                   {product} {ergonomic}
   size_t MinHeapSize                              = 8388608                                   {product} {ergonomic}
    uintx NonNMethodCodeHeapSize                   = 5839372                                {pd product} {ergonomic}
    uintx NonProfiledCodeHeapSize                  = 122909434                              {pd product} {ergonomic}
    uintx ProfiledCodeHeapSize                     = 122909434                              {pd product} {ergonomic}
    uintx ReservedCodeCacheSize                    = 251658240                              {pd product} {ergonomic}
     bool SegmentedCodeCache                       = true                                      {product} {ergonomic}
   size_t SoftMaxHeapSize                          = 4294967296                             {manageable} {ergonomic}
     bool UseCompressedOops                        = true                           {product lp64_product} {ergonomic}
     bool UseG1GC                                  = true                                      {product} {ergonomic}
     bool UseLargePagesIndividualAllocation        = false                                  {pd product} {ergonomic}

Logging:
Log output configuration:
 #0: stdout all=warning uptime,level,tags foldmultilines=false
 #1: stderr all=off uptime,level,tags foldmultilines=false

Environment Variables:
CLASSPATH=C:\Users\rohit\OneDrive\Desktop\investingapp\bullwavecapital\android\\gradle\wrapper\gradle-wrapper.jar
PATH=C:\Program Files\Common Files\Oracle\Java\javapath;C:\Program Files\Common Files\Oracle\Java\javapath;C:\Python314\Scripts\;C:\Python314\;C:\windows\system32;C:\windows;C:\windows\System32\Wbem;C:\windows\System32\WindowsPowerShell\v1.0\;C:\windows\System32\OpenSSH\;C:\Program Files\nodejs\;C:\ProgramData\chocolatey\bin;C:\Program Files\Git\cmd;C:\Program Files\Docker\Docker\resources\bin;C:\Program Files\MySQL\MySQL Shell 8.0\bin\;C:\Program Files\Common Files\Oracle\Java\javapath;C:\Python314\Scripts\;C:\Python314\;C:\windows\system32;C:\windows;C:\windows\System32\Wbem;C:\windows\System32\WindowsPowerShell\v1.0\;C:\windows\System32\OpenSSH\;C:\Program Files\nodejs\;C:\ProgramData\chocolatey\bin;C:\Program Files\Git\cmd;C:\Users\rohit\AppData\Local\Programs\Python\Python310\Scripts\;C:\Users\rohit\AppData\Local\Programs\Python\Python310\;C:\Users\rohit\AppData\Local\Microsoft\WindowsApps;C:\Users\rohit\AppData\Local\Programs\Microsoft VS Code\bin;C:\Users\rohit\AppData\Roaming\npm;C:\Users\rohit\AppData\Local\Programs\Antigravity IDE\bin;C:\Users\rohit\AppData\Local\Programs\cursor\resources\app\bin;c:\Users\rohit\.vscode\extensions\ms-python.debugpy-2026.6.0-win32-x64\bundled\scripts\noConfigScripts;C:\src\flutter\bin;;C:\Users\rohit\AppData\Local\Programs\Ollama;C:\src\flutter\bin\mingit\cmd
USERNAME=Nikesh Pandey
OS=Windows_NT
PROCESSOR_IDENTIFIER=AMD64 Family 23 Model 160 Stepping 0, AuthenticAMD
TMP=C:\Users\rohit\AppData\Local\Temp
TEMP=C:\Users\rohit\AppData\Local\Temp




Periodic native trim disabled

---------------  S Y S T E M  ---------------

OS:
 Windows 11 , 64 bit Build 26100 (10.0.26100.8875)
OS uptime: 4 days 23:16 hours
Hyper-V role detected

CPU: total 8 (initial active 8) (8 cores per cpu, 2 threads per core) family 23 model 160 stepping 0 microcode 0x8a0000b, cx8, cmov, fxsr, ht, mmx, 3dnowpref, sse, sse2, sse3, ssse3, sse4a, sse4.1, sse4.2, popcnt, lzcnt, tsc, tscinvbit, avx, avx2, aes, clmul, bmi1, bmi2, adx, sha, fma, vzeroupper, clflush, clflushopt, hv, rdtscp, rdpid, f16c
Processor Information for all 8 processors :
  Max Mhz: 2401, Current Mhz: 2401, Mhz Limit: 2401

Memory: 4k page, system-wide physical 7418M (689M free)
TotalPageFile size 29946M (AvailPageFile size 681M)
current process WorkingSet (physical memory assigned to process): 1094M, peak: 1424M
current process commit charge ("private bytes"): 2283M, peak: 3029M

vm_info: Java HotSpot(TM) 64-Bit Server VM (21.0.11+9-LTS-211) for windows-amd64 JRE (21.0.11+9-LTS-211), built on 2026-03-11T00:23:15Z by "mach5run" with MS VC++ 17.13 (VS2022)

END.
