#
# There is insufficient memory for the Java Runtime Environment to continue.
# Native memory allocation (mmap) failed to map 2336227328 bytes for G1 virtual space
# Possible reasons:
#   The system is out of physical RAM or swap space
#   The process is running with CompressedOops enabled, and the Java Heap may be blocking the growth of the native heap
# Possible solutions:
#   Reduce memory load on the system
#   Increase physical memory or swap space
#   Check if swap backing store is full
#   Decrease Java heap size (-Xmx/-Xms)
#   Decrease number of Java threads
#   Decrease Java thread stack sizes (-Xss)
#   Set larger code cache with -XX:ReservedCodeCacheSize=
#   JVM is running with Zero Based Compressed Oops mode in which the Java heap is
#     placed in the first 32GB address space. The Java Heap base address is the
#     maximum limit for the native heap growth. Please use -XX:HeapBaseMinAddress
#     to set the Java Heap base and to place the Java Heap above 32GB virtual address.
# This output file may be truncated or incomplete.
#
#  Out of Memory Error (os_windows.cpp:3604), pid=24648, tid=18412
#
# JRE version: Java(TM) SE Runtime Environment (21.0.11+9) (build 21.0.11+9-LTS-211)
# Java VM: Java HotSpot(TM) 64-Bit Server VM (21.0.11+9-LTS-211, mixed mode, sharing, tiered, compressed oops, compressed class ptrs, g1 gc, windows-amd64)
# No core dump will be written. Minidumps are not enabled by default on client versions of Windows
#

---------------  S U M M A R Y ------------

Command Line: --add-opens=java.base/java.lang=ALL-UNNAMED --add-opens=java.base/java.lang.invoke=ALL-UNNAMED --add-opens=java.base/java.util=ALL-UNNAMED --add-opens=java.prefs/java.util.prefs=ALL-UNNAMED --add-exports=jdk.compiler/com.sun.tools.javac.api=ALL-UNNAMED --add-exports=jdk.compiler/com.sun.tools.javac.util=ALL-UNNAMED --add-opens=java.base/java.util=ALL-UNNAMED --add-opens=java.prefs/java.util.prefs=ALL-UNNAMED --add-opens=java.base/java.nio.charset=ALL-UNNAMED --add-opens=java.base/java.net=ALL-UNNAMED --add-opens=java.base/java.util.concurrent=ALL-UNNAMED --add-opens=java.base/java.util.concurrent.atomic=ALL-UNNAMED --add-opens=java.xml/javax.xml.namespace=ALL-UNNAMED --add-opens=java.base/java.time=ALL-UNNAMED -XX:MaxMetaspaceSize=4G -XX:ReservedCodeCacheSize=512m -XX:+HeapDumpOnOutOfMemoryError -Xmx8G -Dfile.encoding=UTF-8 -Duser.country=IN -Duser.language=en -Duser.variant -javaagent:C:\Users\rohit\.gradle\wrapper\dists\gradle-9.1.0-all\7wzd0jkjit61aq2p43wpjgij9\gradle-9.1.0\lib\agents\gradle-instrumentation-agent-9.1.0.jar org.gradle.launcher.daemon.bootstrap.GradleDaemon 9.1.0

Host: AMD Ryzen 3 7320U with Radeon Graphics         , 8 cores, 7G,  Windows 11 , 64 bit Build 26100 (10.0.26100.8875)
Time: Sat Jul 25 15:50:55 2026 India Standard Time elapsed time: 392.411434 seconds (0d 0h 6m 32s)

---------------  T H R E A D  ---------------

Current thread (0x0000023e7eb141b0):  VMThread "VM Thread"          [id=18412, stack(0x000000b4ad000000,0x000000b4ad100000) (1024K)]

Stack: [0x000000b4ad000000,0x000000b4ad100000]
Native frames: (J=compiled Java code, j=interpreted, Vv=VM code, C=native code)
V  [jvm.dll+0x6d0ef9]
V  [jvm.dll+0x860126]
V  [jvm.dll+0x86261e]
V  [jvm.dll+0x862cf3]
V  [jvm.dll+0x282bc6]
V  [jvm.dll+0x6cd7a5]
V  [jvm.dll+0x6c232a]
V  [jvm.dll+0x35bfb8]
V  [jvm.dll+0x363c76]
V  [jvm.dll+0x3b4d8e]
V  [jvm.dll+0x3b5038]
V  [jvm.dll+0x32fa6c]
V  [jvm.dll+0x32fafa]
V  [jvm.dll+0x373fc2]
V  [jvm.dll+0x37274d]
V  [jvm.dll+0x32f1b1]
V  [jvm.dll+0x371daa]
V  [jvm.dll+0x8689ef]
V  [jvm.dll+0x869d7c]
V  [jvm.dll+0x86a2b1]
V  [jvm.dll+0x86a553]
V  [jvm.dll+0x80ac0d]
V  [jvm.dll+0x6cf79d]
C  [ucrtbase.dll+0x2cd30]
C  [KERNEL32.DLL+0x2e957]
C  [ntdll.dll+0xaad6c]

VM_Operation (0x000000b4b97fddf0): G1CollectForAllocation, mode: safepoint, requested by thread 0x0000023e955a0f60


---------------  P R O C E S S  ---------------

Threads class SMR info:
_java_thread_list=0x0000023e944fe960, length=188, elements={
0x0000023e71a78a90, 0x0000023e7eb35b00, 0x0000023e7eb38570, 0x0000023e7eb3b590,
0x0000023e7eb3c1a0, 0x0000023e7eb3edc0, 0x0000023e7eb3f9d0, 0x0000023e7eb40910,
0x0000023e7eb47700, 0x0000023e7f5aead0, 0x0000023e7f60dd70, 0x0000023e70018ad0,
0x0000023e7f9e6390, 0x0000023e6ffee780, 0x0000023e701a6540, 0x0000023e70171360,
0x0000023e7010d750, 0x0000023e7010b790, 0x0000023e7010be20, 0x0000023e7010c4b0,
0x0000023e7010cb40, 0x0000023e703b5800, 0x0000023e703b30a0, 0x0000023e703b3730,
0x0000023e703b2a10, 0x0000023e703b4450, 0x0000023e703b4ae0, 0x0000023e70b56b00,
0x0000023e70b57190, 0x0000023e70b57820, 0x0000023e70b57eb0, 0x0000023e70b56470,
0x0000023e70b55750, 0x0000023e70b58540, 0x0000023e70b55de0, 0x0000023e70b5c050,
0x0000023e70b598f0, 0x0000023e70b5a610, 0x0000023e70b5aca0, 0x0000023e70b59f80,
0x0000023e70b5b330, 0x0000023e70b5b9c0, 0x0000023e7f825b50, 0x0000023e7f827590,
0x0000023e7f826870, 0x0000023e7f826f00, 0x0000023e7f8261e0, 0x0000023e7f824110,
0x0000023e7f827c20, 0x0000023e7f8247a0, 0x0000023e7f8282b0, 0x0000023e7f824e30,
0x0000023e7f828940, 0x0000023e7f8254c0, 0x0000023e7f82a380, 0x0000023e7f82b730,
0x0000023e813ca230, 0x0000023e813c87f0, 0x0000023e813c6db0, 0x0000023e813c7440,
0x0000023e813cb5e0, 0x0000023e813cbc70, 0x0000023e813cc300, 0x0000023e813ca8c0,
0x0000023e813cc990, 0x0000023e813cdd40, 0x0000023e813cd020, 0x0000023e813cd6b0,
0x0000023e813caf50, 0x0000023e813ce3d0, 0x0000023e70c05d70, 0x0000023e70c056e0,
0x0000023e70c06400, 0x0000023e70c06a90, 0x0000023e70c07120, 0x0000023e70c07e40,
0x0000023e70c077b0, 0x0000023e70c049c0, 0x0000023e70c084d0, 0x0000023e70c05050,
0x0000023e70c09f10, 0x0000023e70c09880, 0x0000023e70c08b60, 0x0000023e70c091f0,
0x0000023e70c0a5a0, 0x0000023e70c0ac30, 0x0000023e70c0b2c0, 0x0000023e70c0bfe0,
0x0000023e70c0b950, 0x0000023e83322870, 0x0000023e83323c20, 0x0000023e83322f00,
0x0000023e833214c0, 0x0000023e83321b50, 0x0000023e833207a0, 0x0000023e833242b0,
0x0000023e83320e30, 0x0000023e83325660, 0x0000023e83324940, 0x0000023e83324fd0,
0x0000023e833221e0, 0x0000023e83326a10, 0x0000023e83323590, 0x0000023e83326380,
0x0000023e833270a0, 0x0000023e83327730, 0x0000023e83327dc0, 0x0000023e834ed1d0,
0x0000023e834eaa70, 0x0000023e834effc0, 0x0000023e839ebaa0, 0x0000023e839ead80,
0x0000023e839eef20, 0x0000023e839ee890, 0x0000023e839f02d0, 0x0000023e839efc40,
0x0000023e839f0960, 0x0000023e839f0ff0, 0x0000023e839f1680, 0x0000023e8042e6b0,
0x0000023e8042fa60, 0x0000023e80430780, 0x0000023e8042ed40, 0x0000023e804314a0,
0x0000023e80430e10, 0x0000023e8042e020, 0x0000023e80432850, 0x0000023e8042f3d0,
0x0000023e80434fb0, 0x0000023e80434290, 0x0000023e804321c0, 0x0000023e834ebe20,
0x0000023e83e04130, 0x0000023e83e047c0, 0x0000023ea8c1f380, 0x0000023ea8c28a70,
0x0000023ea8c2bef0, 0x0000023ea8c2ab40, 0x0000023ea8c2c580, 0x0000023ea8c20dc0,
0x0000023ea8c21ae0, 0x0000023eaadc0320, 0x0000023eaadbef70, 0x0000023eaadc09b0,
0x0000023eaadc1040, 0x0000023eaadc16d0, 0x0000023eaadc1d60, 0x0000023eaadc8cf0,
0x0000023eaadc9a10, 0x0000023eaadcc800, 0x0000023eaadcc170, 0x0000023eaadcce90,
0x0000023eaadcd520, 0x0000023eaadcdbb0, 0x0000023e8ae08210, 0x0000023e813c7ad0,
0x0000023e834ed860, 0x0000023ea99c0600, 0x0000023ea99bf250, 0x0000023ea99bebc0,
0x0000023ea99c19b0, 0x0000023ea99c1320, 0x0000023ea99c4110, 0x0000023ea8ad31f0,
0x0000023e95dae690, 0x0000023e945946e0, 0x0000023e94594050, 0x0000023e83f93a00,
0x0000023e83f94090, 0x0000023e955f2840, 0x0000023e959284a0, 0x0000023e94fb8af0,
0x0000023e94fb7dd0, 0x0000023e955abb80, 0x0000023e955ac210, 0x0000023e83f94db0,
0x0000023e83f95440, 0x0000023e95928b30, 0x0000023e95927e10, 0x0000023e83f92ce0,
0x0000023e9459a440, 0x0000023e955ab4f0, 0x0000023e955a0f60, 0x0000023eaadece60,
0x0000023e94597650, 0x0000023e83f95ad0, 0x0000023eaadebab0, 0x0000023eab166380
}

Java Threads: ( => current thread )
  0x0000023e71a78a90 JavaThread "main"                              [_thread_blocked, id=7452, stack(0x000000b4ac900000,0x000000b4aca00000) (1024K)]
  0x0000023e7eb35b00 JavaThread "Reference Handler"          daemon [_thread_blocked, id=6244, stack(0x000000b4ad100000,0x000000b4ad200000) (1024K)]
  0x0000023e7eb38570 JavaThread "Finalizer"                  daemon [_thread_blocked, id=7536, stack(0x000000b4ad200000,0x000000b4ad300000) (1024K)]
  0x0000023e7eb3b590 JavaThread "Signal Dispatcher"          daemon [_thread_blocked, id=25308, stack(0x000000b4ad300000,0x000000b4ad400000) (1024K)]
  0x0000023e7eb3c1a0 JavaThread "Attach Listener"            daemon [_thread_blocked, id=23564, stack(0x000000b4ad400000,0x000000b4ad500000) (1024K)]
  0x0000023e7eb3edc0 JavaThread "Service Thread"             daemon [_thread_blocked, id=30344, stack(0x000000b4ad500000,0x000000b4ad600000) (1024K)]
  0x0000023e7eb3f9d0 JavaThread "Monitor Deflation Thread"   daemon [_thread_blocked, id=28896, stack(0x000000b4ad600000,0x000000b4ad700000) (1024K)]
  0x0000023e7eb40910 JavaThread "C2 CompilerThread0"         daemon [_thread_blocked, id=30552, stack(0x000000b4ad700000,0x000000b4ad800000) (1024K)]
  0x0000023e7eb47700 JavaThread "C1 CompilerThread0"         daemon [_thread_blocked, id=32612, stack(0x000000b4ad800000,0x000000b4ad900000) (1024K)]
  0x0000023e7f5aead0 JavaThread "Common-Cleaner"             daemon [_thread_blocked, id=33276, stack(0x000000b4ad900000,0x000000b4ada00000) (1024K)]
  0x0000023e7f60dd70 JavaThread "Notification Thread"        daemon [_thread_blocked, id=9836, stack(0x000000b4ada00000,0x000000b4adb00000) (1024K)]
  0x0000023e70018ad0 JavaThread "Daemon health stats"               [_thread_blocked, id=15124, stack(0x000000b4ae000000,0x000000b4ae100000) (1024K)]
  0x0000023e7f9e6390 JavaThread "Incoming local TCP Connector on port 51005"        [_thread_in_native, id=29744, stack(0x000000b4ae400000,0x000000b4ae500000) (1024K)]
  0x0000023e6ffee780 JavaThread "Daemon periodic checks"            [_thread_blocked, id=23360, stack(0x000000b4ae500000,0x000000b4ae600000) (1024K)]
  0x0000023e701a6540 JavaThread "Daemon"                            [_thread_blocked, id=4172, stack(0x000000b4ae600000,0x000000b4ae700000) (1024K)]
  0x0000023e70171360 JavaThread "Handler for socket connection from /127.0.0.1:51005 to /127.0.0.1:51006"        [_thread_in_native, id=5276, stack(0x000000b4ae700000,0x000000b4ae800000) (1024K)]
  0x0000023e7010d750 JavaThread "Cancel handler"                    [_thread_blocked, id=24840, stack(0x000000b4ae800000,0x000000b4ae900000) (1024K)]
  0x0000023e7010b790 JavaThread "Daemon worker"                     [_thread_blocked, id=6476, stack(0x000000b4ae900000,0x000000b4aea00000) (1024K)]
  0x0000023e7010be20 JavaThread "Asynchronous log dispatcher for DefaultDaemonConnection: socket connection from /127.0.0.1:51005 to /127.0.0.1:51006"        [_thread_blocked, id=33464, stack(0x000000b4aea00000,0x000000b4aeb00000) (1024K)]
  0x0000023e7010c4b0 JavaThread "Stdin handler"                     [_thread_blocked, id=11136, stack(0x000000b4aeb00000,0x000000b4aec00000) (1024K)]
  0x0000023e7010cb40 JavaThread "Daemon client event forwarder"        [_thread_blocked, id=22616, stack(0x000000b4aec00000,0x000000b4aed00000) (1024K)]
  0x0000023e703b5800 JavaThread "Cache worker for journal cache (C:\Users\rohit\.gradle\caches\journal-1)"        [_thread_blocked, id=10672, stack(0x000000b4aed00000,0x000000b4aee00000) (1024K)]
  0x0000023e703b30a0 JavaThread "File lock request listener"        [_thread_in_native, id=28312, stack(0x000000b4aee00000,0x000000b4aef00000) (1024K)]
  0x0000023e703b3730 JavaThread "Cache worker for file hash cache (C:\Users\rohit\.gradle\caches\9.1.0\fileHashes)"        [_thread_blocked, id=11328, stack(0x000000b4aef00000,0x000000b4af000000) (1024K)]
  0x0000023e703b2a10 JavaThread "Cache worker for file hash cache (C:\Users\rohit\OneDrive\Desktop\investingapp\bullwavecapital\android\.gradle\9.1.0\fileHashes)"        [_thread_blocked, id=31496, stack(0x000000b4af100000,0x000000b4af200000) (1024K)]
  0x0000023e703b4450 JavaThread "Cache worker for Build Output Cleanup Cache (C:\Users\rohit\OneDrive\Desktop\investingapp\bullwavecapital\android\.gradle\buildOutputCleanup)"        [_thread_blocked, id=2196, stack(0x000000b4af200000,0x000000b4af300000) (1024K)]
  0x0000023e703b4ae0 JavaThread "File watcher server"        daemon [_thread_blocked, id=18136, stack(0x000000b4af300000,0x000000b4af400000) (1024K)]
  0x0000023e70b56b00 JavaThread "File watcher consumer"      daemon [_thread_blocked, id=32732, stack(0x000000b4af400000,0x000000b4af500000) (1024K)]
  0x0000023e70b57190 JavaThread "Cache worker for checksums cache (C:\Users\rohit\OneDrive\Desktop\investingapp\bullwavecapital\android\.gradle\9.1.0\checksums)"        [_thread_blocked, id=31820, stack(0x000000b4af500000,0x000000b4af600000) (1024K)]
  0x0000023e70b57820 JavaThread "Cache worker for file content cache (C:\Users\rohit\.gradle\caches\9.1.0\fileContent)"        [_thread_blocked, id=24988, stack(0x000000b4af600000,0x000000b4af700000) (1024K)]
  0x0000023e70b57eb0 JavaThread "Cache worker for cache directory md-supplier (C:\Users\rohit\.gradle\caches\9.1.0\md-supplier)"        [_thread_blocked, id=25640, stack(0x000000b4af700000,0x000000b4af800000) (1024K)]
  0x0000023e70b56470 JavaThread "Cache worker for cache directory md-rule (C:\Users\rohit\.gradle\caches\9.1.0\md-rule)"        [_thread_blocked, id=25636, stack(0x000000b4af800000,0x000000b4af900000) (1024K)]
  0x0000023e70b55750 JavaThread "Cache worker for Build Output Cleanup Cache (C:\src\flutter\packages\flutter_tools\gradle\.gradle\buildOutputCleanup)"        [_thread_blocked, id=17212, stack(0x000000b4af900000,0x000000b4afa00000) (1024K)]
  0x0000023e70b58540 JavaThread "Unconstrained build operations"        [_thread_blocked, id=27760, stack(0x000000b4afb00000,0x000000b4afc00000) (1024K)]
  0x0000023e70b55de0 JavaThread "Unconstrained build operations Thread 2"        [_thread_blocked, id=20476, stack(0x000000b4afc00000,0x000000b4afd00000) (1024K)]
  0x0000023e70b5c050 JavaThread "Unconstrained build operations Thread 3"        [_thread_blocked, id=16708, stack(0x000000b4afd00000,0x000000b4afe00000) (1024K)]
  0x0000023e70b598f0 JavaThread "Unconstrained build operations Thread 4"        [_thread_blocked, id=15428, stack(0x000000b4afe00000,0x000000b4aff00000) (1024K)]
  0x0000023e70b5a610 JavaThread "Unconstrained build operations Thread 5"        [_thread_blocked, id=31780, stack(0x000000b4aff00000,0x000000b4b0000000) (1024K)]
  0x0000023e70b5aca0 JavaThread "Unconstrained build operations Thread 6"        [_thread_blocked, id=23212, stack(0x000000b4b0000000,0x000000b4b0100000) (1024K)]
  0x0000023e70b59f80 JavaThread "Unconstrained build operations Thread 7"        [_thread_blocked, id=5024, stack(0x000000b4b0100000,0x000000b4b0200000) (1024K)]
  0x0000023e70b5b330 JavaThread "Unconstrained build operations Thread 8"        [_thread_blocked, id=33560, stack(0x000000b4b0200000,0x000000b4b0300000) (1024K)]
  0x0000023e70b5b9c0 JavaThread "Unconstrained build operations Thread 9"        [_thread_blocked, id=20292, stack(0x000000b4b0300000,0x000000b4b0400000) (1024K)]
  0x0000023e7f825b50 JavaThread "Unconstrained build operations Thread 10"        [_thread_blocked, id=27832, stack(0x000000b4b0400000,0x000000b4b0500000) (1024K)]
  0x0000023e7f827590 JavaThread "Unconstrained build operations Thread 11"        [_thread_blocked, id=16792, stack(0x000000b4b0500000,0x000000b4b0600000) (1024K)]
  0x0000023e7f826870 JavaThread "Unconstrained build operations Thread 12"        [_thread_blocked, id=31840, stack(0x000000b4b0600000,0x000000b4b0700000) (1024K)]
  0x0000023e7f826f00 JavaThread "Unconstrained build operations Thread 13"        [_thread_blocked, id=15180, stack(0x000000b4b0700000,0x000000b4b0800000) (1024K)]
  0x0000023e7f8261e0 JavaThread "Unconstrained build operations Thread 14"        [_thread_blocked, id=14544, stack(0x000000b4b0800000,0x000000b4b0900000) (1024K)]
  0x0000023e7f824110 JavaThread "Unconstrained build operations Thread 15"        [_thread_blocked, id=21432, stack(0x000000b4b0900000,0x000000b4b0a00000) (1024K)]
  0x0000023e7f827c20 JavaThread "Unconstrained build operations Thread 16"        [_thread_blocked, id=21276, stack(0x000000b4b0a00000,0x000000b4b0b00000) (1024K)]
  0x0000023e7f8247a0 JavaThread "Unconstrained build operations Thread 17"        [_thread_blocked, id=12708, stack(0x000000b4b0b00000,0x000000b4b0c00000) (1024K)]
  0x0000023e7f8282b0 JavaThread "Unconstrained build operations Thread 18"        [_thread_blocked, id=1976, stack(0x000000b4b0c00000,0x000000b4b0d00000) (1024K)]
  0x0000023e7f824e30 JavaThread "Unconstrained build operations Thread 19"        [_thread_blocked, id=25300, stack(0x000000b4b0d00000,0x000000b4b0e00000) (1024K)]
  0x0000023e7f828940 JavaThread "Unconstrained build operations Thread 20"        [_thread_blocked, id=31380, stack(0x000000b4b0e00000,0x000000b4b0f00000) (1024K)]
  0x0000023e7f8254c0 JavaThread "Unconstrained build operations Thread 21"        [_thread_blocked, id=6428, stack(0x000000b4b0f00000,0x000000b4b1000000) (1024K)]
  0x0000023e7f82a380 JavaThread "Memory manager"                    [_thread_blocked, id=17892, stack(0x000000b4b1000000,0x000000b4b1100000) (1024K)]
  0x0000023e7f82b730 JavaThread "build event listener"              [_thread_blocked, id=32056, stack(0x000000b4b1100000,0x000000b4b1200000) (1024K)]
  0x0000023e813ca230 JavaThread "Execution worker"                  [_thread_blocked, id=14648, stack(0x000000b4b1300000,0x000000b4b1400000) (1024K)]
  0x0000023e813c87f0 JavaThread "Execution worker Thread 2"         [_thread_blocked, id=7292, stack(0x000000b4b1400000,0x000000b4b1500000) (1024K)]
  0x0000023e813c6db0 JavaThread "Execution worker Thread 3"         [_thread_blocked, id=31776, stack(0x000000b4b1500000,0x000000b4b1600000) (1024K)]
  0x0000023e813c7440 JavaThread "Execution worker Thread 4"         [_thread_blocked, id=29392, stack(0x000000b4b1600000,0x000000b4b1700000) (1024K)]
  0x0000023e813cb5e0 JavaThread "Execution worker Thread 5"         [_thread_blocked, id=31620, stack(0x000000b4b1700000,0x000000b4b1800000) (1024K)]
  0x0000023e813cbc70 JavaThread "Execution worker Thread 6"         [_thread_blocked, id=33436, stack(0x000000b4b1800000,0x000000b4b1900000) (1024K)]
  0x0000023e813cc300 JavaThread "Execution worker Thread 7"         [_thread_blocked, id=10940, stack(0x000000b4b1900000,0x000000b4b1a00000) (1024K)]
  0x0000023e813ca8c0 JavaThread "Cache worker for execution history cache (C:\src\flutter\packages\flutter_tools\gradle\.gradle\9.1.0\executionHistory)"        [_thread_blocked, id=7392, stack(0x000000b4b1a00000,0x000000b4b1b00000) (1024K)]
  0x0000023e813cc990 JavaThread "Unconstrained build operations Thread 22"        [_thread_blocked, id=17380, stack(0x000000b4b1b00000,0x000000b4b1c00000) (1024K)]
  0x0000023e813cdd40 JavaThread "Unconstrained build operations Thread 23"        [_thread_blocked, id=32496, stack(0x000000b4b1c00000,0x000000b4b1d00000) (1024K)]
  0x0000023e813cd020 JavaThread "Unconstrained build operations Thread 24"        [_thread_blocked, id=3760, stack(0x000000b4b1d00000,0x000000b4b1e00000) (1024K)]
  0x0000023e813cd6b0 JavaThread "Unconstrained build operations Thread 25"        [_thread_blocked, id=29952, stack(0x000000b4b1e00000,0x000000b4b1f00000) (1024K)]
  0x0000023e813caf50 JavaThread "Unconstrained build operations Thread 26"        [_thread_blocked, id=2520, stack(0x000000b4b1f00000,0x000000b4b2000000) (1024K)]
  0x0000023e813ce3d0 JavaThread "Unconstrained build operations Thread 27"        [_thread_blocked, id=33520, stack(0x000000b4b2000000,0x000000b4b2100000) (1024K)]
  0x0000023e70c05d70 JavaThread "Unconstrained build operations Thread 28"        [_thread_blocked, id=27816, stack(0x000000b4b2100000,0x000000b4b2200000) (1024K)]
  0x0000023e70c056e0 JavaThread "Unconstrained build operations Thread 29"        [_thread_blocked, id=27388, stack(0x000000b4adf00000,0x000000b4ae000000) (1024K)]
  0x0000023e70c06400 JavaThread "Unconstrained build operations Thread 30"        [_thread_blocked, id=33788, stack(0x000000b4b2200000,0x000000b4b2300000) (1024K)]
  0x0000023e70c06a90 JavaThread "Unconstrained build operations Thread 31"        [_thread_blocked, id=28444, stack(0x000000b4b2300000,0x000000b4b2400000) (1024K)]
  0x0000023e70c07120 JavaThread "Unconstrained build operations Thread 32"        [_thread_blocked, id=24016, stack(0x000000b4b2400000,0x000000b4b2500000) (1024K)]
  0x0000023e70c07e40 JavaThread "Unconstrained build operations Thread 33"        [_thread_blocked, id=30932, stack(0x000000b4b2500000,0x000000b4b2600000) (1024K)]
  0x0000023e70c077b0 JavaThread "Unconstrained build operations Thread 34"        [_thread_blocked, id=8032, stack(0x000000b4b2600000,0x000000b4b2700000) (1024K)]
  0x0000023e70c049c0 JavaThread "Unconstrained build operations Thread 35"        [_thread_blocked, id=12664, stack(0x000000b4b2700000,0x000000b4b2800000) (1024K)]
  0x0000023e70c084d0 JavaThread "Unconstrained build operations Thread 36"        [_thread_blocked, id=20472, stack(0x000000b4b2800000,0x000000b4b2900000) (1024K)]
  0x0000023e70c05050 JavaThread "Unconstrained build operations Thread 37"        [_thread_blocked, id=30536, stack(0x000000b4b2900000,0x000000b4b2a00000) (1024K)]
  0x0000023e70c09f10 JavaThread "Unconstrained build operations Thread 38"        [_thread_blocked, id=9220, stack(0x000000b4b2a00000,0x000000b4b2b00000) (1024K)]
  0x0000023e70c09880 JavaThread "Unconstrained build operations Thread 39"        [_thread_blocked, id=16816, stack(0x000000b4b2b00000,0x000000b4b2c00000) (1024K)]
  0x0000023e70c08b60 JavaThread "Unconstrained build operations Thread 40"        [_thread_blocked, id=3876, stack(0x000000b4b2c00000,0x000000b4b2d00000) (1024K)]
  0x0000023e70c091f0 JavaThread "Unconstrained build operations Thread 41"        [_thread_blocked, id=30428, stack(0x000000b4b2d00000,0x000000b4b2e00000) (1024K)]
  0x0000023e70c0a5a0 JavaThread "Unconstrained build operations Thread 42"        [_thread_blocked, id=2204, stack(0x000000b4b2e00000,0x000000b4b2f00000) (1024K)]
  0x0000023e70c0ac30 JavaThread "Unconstrained build operations Thread 43"        [_thread_blocked, id=33784, stack(0x000000b4b2f00000,0x000000b4b3000000) (1024K)]
  0x0000023e70c0b2c0 JavaThread "Unconstrained build operations Thread 44"        [_thread_blocked, id=2952, stack(0x000000b4b3000000,0x000000b4b3100000) (1024K)]
  0x0000023e70c0bfe0 JavaThread "Unconstrained build operations Thread 45"        [_thread_blocked, id=1292, stack(0x000000b4b3100000,0x000000b4b3200000) (1024K)]
  0x0000023e70c0b950 JavaThread "Unconstrained build operations Thread 46"        [_thread_blocked, id=16872, stack(0x000000b4b3200000,0x000000b4b3300000) (1024K)]
  0x0000023e83322870 JavaThread "Unconstrained build operations Thread 47"        [_thread_blocked, id=33288, stack(0x000000b4b3300000,0x000000b4b3400000) (1024K)]
  0x0000023e83323c20 JavaThread "Unconstrained build operations Thread 48"        [_thread_blocked, id=31292, stack(0x000000b4b3400000,0x000000b4b3500000) (1024K)]
  0x0000023e83322f00 JavaThread "Unconstrained build operations Thread 49"        [_thread_blocked, id=25908, stack(0x000000b4b3500000,0x000000b4b3600000) (1024K)]
  0x0000023e833214c0 JavaThread "Unconstrained build operations Thread 50"        [_thread_blocked, id=20024, stack(0x000000b4b3600000,0x000000b4b3700000) (1024K)]
  0x0000023e83321b50 JavaThread "Unconstrained build operations Thread 51"        [_thread_blocked, id=22416, stack(0x000000b4b3700000,0x000000b4b3800000) (1024K)]
  0x0000023e833207a0 JavaThread "Unconstrained build operations Thread 52"        [_thread_blocked, id=5176, stack(0x000000b4b3800000,0x000000b4b3900000) (1024K)]
  0x0000023e833242b0 JavaThread "Unconstrained build operations Thread 53"        [_thread_blocked, id=32880, stack(0x000000b4b3900000,0x000000b4b3a00000) (1024K)]
  0x0000023e83320e30 JavaThread "Unconstrained build operations Thread 54"        [_thread_blocked, id=9384, stack(0x000000b4b3a00000,0x000000b4b3b00000) (1024K)]
  0x0000023e83325660 JavaThread "Unconstrained build operations Thread 55"        [_thread_blocked, id=12912, stack(0x000000b4b3b00000,0x000000b4b3c00000) (1024K)]
  0x0000023e83324940 JavaThread "Unconstrained build operations Thread 56"        [_thread_blocked, id=28816, stack(0x000000b4b3c00000,0x000000b4b3d00000) (1024K)]
  0x0000023e83324fd0 JavaThread "Unconstrained build operations Thread 57"        [_thread_blocked, id=23084, stack(0x000000b4b3d00000,0x000000b4b3e00000) (1024K)]
  0x0000023e833221e0 JavaThread "Unconstrained build operations Thread 58"        [_thread_blocked, id=21820, stack(0x000000b4b3e00000,0x000000b4b3f00000) (1024K)]
  0x0000023e83326a10 JavaThread "Unconstrained build operations Thread 59"        [_thread_blocked, id=19488, stack(0x000000b4b3f00000,0x000000b4b4000000) (1024K)]
  0x0000023e83323590 JavaThread "Unconstrained build operations Thread 60"        [_thread_blocked, id=27612, stack(0x000000b4b4000000,0x000000b4b4100000) (1024K)]
  0x0000023e83326380 JavaThread "Unconstrained build operations Thread 61"        [_thread_blocked, id=13568, stack(0x000000b4b4100000,0x000000b4b4200000) (1024K)]
  0x0000023e833270a0 JavaThread "Unconstrained build operations Thread 62"        [_thread_blocked, id=16212, stack(0x000000b4b4200000,0x000000b4b4300000) (1024K)]
  0x0000023e83327730 JavaThread "Unconstrained build operations Thread 63"        [_thread_blocked, id=17204, stack(0x000000b4b4300000,0x000000b4b4400000) (1024K)]
  0x0000023e83327dc0 JavaThread "Unconstrained build operations Thread 64"        [_thread_blocked, id=8092, stack(0x000000b4b4400000,0x000000b4b4500000) (1024K)]
  0x0000023e834ed1d0 JavaThread "Unconstrained build operations Thread 65"        [_thread_blocked, id=30412, stack(0x000000b4b4500000,0x000000b4b4600000) (1024K)]
  0x0000023e834eaa70 JavaThread "build event listener"              [_thread_blocked, id=14828, stack(0x000000b4b4600000,0x000000b4b4700000) (1024K)]
  0x0000023e834effc0 JavaThread "build event listener"              [_thread_blocked, id=26592, stack(0x000000b4b4700000,0x000000b4b4800000) (1024K)]
  0x0000023e839ebaa0 JavaThread "Problems report writer"            [_thread_blocked, id=33592, stack(0x000000b4b4800000,0x000000b4b4900000) (1024K)]
  0x0000023e839ead80 JavaThread "jar transforms"                    [_thread_blocked, id=6784, stack(0x000000b4b4900000,0x000000b4b4a00000) (1024K)]
  0x0000023e839eef20 JavaThread "Unconstrained build operations Thread 66"        [_thread_blocked, id=32716, stack(0x000000b4b4a00000,0x000000b4b4b00000) (1024K)]
  0x0000023e839ee890 JavaThread "Unconstrained build operations Thread 67"        [_thread_blocked, id=33540, stack(0x000000b4b4b00000,0x000000b4b4c00000) (1024K)]
  0x0000023e839f02d0 JavaThread "Unconstrained build operations Thread 68"        [_thread_blocked, id=2268, stack(0x000000b4b4c00000,0x000000b4b4d00000) (1024K)]
  0x0000023e839efc40 JavaThread "Unconstrained build operations Thread 69"        [_thread_blocked, id=16888, stack(0x000000b4b4d00000,0x000000b4b4e00000) (1024K)]
  0x0000023e839f0960 JavaThread "Unconstrained build operations Thread 70"        [_thread_blocked, id=17404, stack(0x000000b4b4e00000,0x000000b4b4f00000) (1024K)]
  0x0000023e839f0ff0 JavaThread "Unconstrained build operations Thread 71"        [_thread_blocked, id=15872, stack(0x000000b4b4f00000,0x000000b4b5000000) (1024K)]
  0x0000023e839f1680 JavaThread "Unconstrained build operations Thread 72"        [_thread_blocked, id=13532, stack(0x000000b4b5000000,0x000000b4b5100000) (1024K)]
  0x0000023e8042e6b0 JavaThread "Unconstrained build operations Thread 73"        [_thread_blocked, id=6908, stack(0x000000b4b5100000,0x000000b4b5200000) (1024K)]
  0x0000023e8042fa60 JavaThread "Unconstrained build operations Thread 74"        [_thread_blocked, id=4272, stack(0x000000b4b5200000,0x000000b4b5300000) (1024K)]
  0x0000023e80430780 JavaThread "Unconstrained build operations Thread 75"        [_thread_blocked, id=17752, stack(0x000000b4b5300000,0x000000b4b5400000) (1024K)]
  0x0000023e8042ed40 JavaThread "Unconstrained build operations Thread 76"        [_thread_blocked, id=32928, stack(0x000000b4b5400000,0x000000b4b5500000) (1024K)]
  0x0000023e804314a0 JavaThread "Unconstrained build operations Thread 77"        [_thread_blocked, id=12436, stack(0x000000b4b5500000,0x000000b4b5600000) (1024K)]
  0x0000023e80430e10 JavaThread "Unconstrained build operations Thread 78"        [_thread_blocked, id=17608, stack(0x000000b4b5600000,0x000000b4b5700000) (1024K)]
  0x0000023e8042e020 JavaThread "Unconstrained build operations Thread 79"        [_thread_blocked, id=19108, stack(0x000000b4b5700000,0x000000b4b5800000) (1024K)]
  0x0000023e80432850 JavaThread "Unconstrained build operations Thread 80"        [_thread_blocked, id=13524, stack(0x000000b4b5800000,0x000000b4b5900000) (1024K)]
  0x0000023e8042f3d0 JavaThread "jar transforms Thread 2"           [_thread_blocked, id=13544, stack(0x000000b4b5900000,0x000000b4b5a00000) (1024K)]
  0x0000023e80434fb0 JavaThread "jar transforms Thread 3"           [_thread_blocked, id=2752, stack(0x000000b4b5c00000,0x000000b4b5d00000) (1024K)]
  0x0000023e80434290 JavaThread "jar transforms Thread 4"           [_thread_blocked, id=20712, stack(0x000000b4b5d00000,0x000000b4b5e00000) (1024K)]
  0x0000023e804321c0 JavaThread "jar transforms Thread 5"           [_thread_blocked, id=20976, stack(0x000000b4b5e00000,0x000000b4b5f00000) (1024K)]
  0x0000023e834ebe20 JavaThread "jar transforms Thread 6"           [_thread_blocked, id=20732, stack(0x000000b4b5f00000,0x000000b4b6000000) (1024K)]
  0x0000023e83e04130 JavaThread "jar transforms Thread 7"           [_thread_blocked, id=25244, stack(0x000000b4b6000000,0x000000b4b6100000) (1024K)]
  0x0000023e83e047c0 JavaThread "jar transforms Thread 8"           [_thread_blocked, id=18820, stack(0x000000b4b6200000,0x000000b4b6300000) (1024K)]
  0x0000023ea8c1f380 JavaThread "Kotlin DSL Writer"                 [_thread_blocked, id=2804, stack(0x000000b4ac600000,0x000000b4ac700000) (1024K)]
  0x0000023ea8c28a70 JavaThread "pool-3-thread-1"                   [_thread_blocked, id=15612, stack(0x000000b4ac700000,0x000000b4ac800000) (1024K)]
  0x0000023ea8c2bef0 JavaThread "build event listener"              [_thread_blocked, id=30600, stack(0x000000b4ac800000,0x000000b4ac900000) (1024K)]
  0x0000023ea8c2ab40 JavaThread "included builds Thread 2"          [_thread_blocked, id=12724, stack(0x000000b4b1200000,0x000000b4b1300000) (1024K)]
  0x0000023ea8c2c580 JavaThread "Cache worker for execution history cache (C:\Users\rohit\OneDrive\Desktop\investingapp\bullwavecapital\android\.gradle\9.1.0\executionHistory)"        [_thread_blocked, id=26844, stack(0x000000b4b6100000,0x000000b4b6200000) (1024K)]
  0x0000023ea8c20dc0 JavaThread "WorkerExecutor Queue"              [_thread_blocked, id=24460, stack(0x000000b4b6300000,0x000000b4b6400000) (1024K)]
  0x0000023ea8c21ae0 JavaThread "WorkerExecutor Queue Thread 2"        [_thread_blocked, id=22040, stack(0x000000b4b6400000,0x000000b4b6500000) (1024K)]
  0x0000023eaadc0320 JavaThread "WorkerExecutor Queue Thread 4"        [_thread_blocked, id=21084, stack(0x000000b4b6600000,0x000000b4b6700000) (1024K)]
  0x0000023eaadbef70 JavaThread "WorkerExecutor Queue Thread 5"        [_thread_blocked, id=32344, stack(0x000000b4b6700000,0x000000b4b6800000) (1024K)]
  0x0000023eaadc09b0 JavaThread "WorkerExecutor Queue Thread 6"        [_thread_blocked, id=11024, stack(0x000000b4b6800000,0x000000b4b6900000) (1024K)]
  0x0000023eaadc1040 JavaThread "WorkerExecutor Queue Thread 7"        [_thread_blocked, id=23576, stack(0x000000b4b6900000,0x000000b4b6a00000) (1024K)]
  0x0000023eaadc16d0 JavaThread "WorkerExecutor Queue Thread 8"        [_thread_blocked, id=15952, stack(0x000000b4b6a00000,0x000000b4b6b00000) (1024K)]
  0x0000023eaadc1d60 JavaThread "WorkerExecutor Queue Thread 9"        [_thread_blocked, id=11520, stack(0x000000b4b6b00000,0x000000b4b6c00000) (1024K)]
  0x0000023eaadc8cf0 JavaThread "Exec process"                      [_thread_blocked, id=10836, stack(0x000000b4b5a00000,0x000000b4b5b00000) (1024K)]
  0x0000023eaadc9a10 JavaThread "Exec process Thread 2"             [_thread_blocked, id=31016, stack(0x000000b4b7500000,0x000000b4b7600000) (1024K)]
  0x0000023eaadcc800 JavaThread "Exec process Thread 3"             [_thread_blocked, id=26812, stack(0x000000b4b7600000,0x000000b4b7700000) (1024K)]
  0x0000023eaadcc170 JavaThread "RMI Scheduler(0)"           daemon [_thread_blocked, id=2680, stack(0x000000b4b5b00000,0x000000b4b5c00000) (1024K)]
  0x0000023eaadcce90 JavaThread "RMI GC Daemon"              daemon [_thread_blocked, id=28352, stack(0x000000b4b7700000,0x000000b4b7800000) (1024K)]
  0x0000023eaadcd520 JavaThread "RMI TCP Accept-0"           daemon [_thread_in_native, id=22424, stack(0x000000b4b7800000,0x000000b4b7900000) (1024K)]
  0x0000023eaadcdbb0 JavaThread "RMI Reaper"                        [_thread_blocked, id=19628, stack(0x000000b4b7900000,0x000000b4b7a00000) (1024K)]
  0x0000023e8ae08210 JavaThread "Cache worker for Java compile cache (C:\Users\rohit\.gradle\caches\9.1.0\javaCompile)"        [_thread_blocked, id=14512, stack(0x000000b4b7b00000,0x000000b4b7c00000) (1024K)]
  0x0000023e813c7ad0 JavaThread "Build operations"                  [_thread_blocked, id=31236, stack(0x000000b4b7c00000,0x000000b4b7d00000) (1024K)]
  0x0000023e834ed860 JavaThread "Build operations Thread 2"         [_thread_blocked, id=26548, stack(0x000000b4b7d00000,0x000000b4b7e00000) (1024K)]
  0x0000023ea99c0600 JavaThread "Build operations Thread 3"         [_thread_blocked, id=11216, stack(0x000000b4b7e00000,0x000000b4b7f00000) (1024K)]
  0x0000023ea99bf250 JavaThread "Build operations Thread 4"         [_thread_blocked, id=32112, stack(0x000000b4b7f00000,0x000000b4b8000000) (1024K)]
  0x0000023ea99bebc0 JavaThread "Build operations Thread 5"         [_thread_blocked, id=20880, stack(0x000000b4b8000000,0x000000b4b8100000) (1024K)]
  0x0000023ea99c19b0 JavaThread "Build operations Thread 6"         [_thread_blocked, id=6276, stack(0x000000b4b8100000,0x000000b4b8200000) (1024K)]
  0x0000023ea99c1320 JavaThread "Build operations Thread 7"         [_thread_blocked, id=16688, stack(0x000000b4b8200000,0x000000b4b8300000) (1024K)]
  0x0000023ea99c4110 JavaThread "Build operations Thread 8"         [_thread_blocked, id=29348, stack(0x000000b4b8500000,0x000000b4b8600000) (1024K)]
  0x0000023ea8ad31f0 JavaThread "RMI TCP Connection(idle)"   daemon [_thread_blocked, id=15156, stack(0x000000b4b6f00000,0x000000b4b7000000) (1024K)]
  0x0000023e95dae690 JavaThread "pool-5-thread-1"                   [_thread_blocked, id=16624, stack(0x000000b4b6500000,0x000000b4b6600000) (1024K)]
  0x0000023e945946e0 JavaThread "stderr"                            [_thread_in_native, id=23144, stack(0x000000b4b8600000,0x000000b4b8700000) (1024K)]
  0x0000023e94594050 JavaThread "stdout"                            [_thread_in_native, id=5724, stack(0x000000b4b8700000,0x000000b4b8800000) (1024K)]
  0x0000023e83f93a00 JavaThread "stderr"                            [_thread_in_native, id=9188, stack(0x000000b4b8800000,0x000000b4b8900000) (1024K)]
  0x0000023e83f94090 JavaThread "stdout"                            [_thread_in_native, id=16592, stack(0x000000b4b8900000,0x000000b4b8a00000) (1024K)]
  0x0000023e955f2840 JavaThread "stderr"                            [_thread_in_native, id=26884, stack(0x000000b4b8a00000,0x000000b4b8b00000) (1024K)]
  0x0000023e959284a0 JavaThread "stdout"                            [_thread_in_native, id=2136, stack(0x000000b4b8b00000,0x000000b4b8c00000) (1024K)]
  0x0000023e94fb8af0 JavaThread "stderr"                            [_thread_in_native, id=33312, stack(0x000000b4b8c00000,0x000000b4b8d00000) (1024K)]
  0x0000023e94fb7dd0 JavaThread "stdout"                            [_thread_in_native, id=28692, stack(0x000000b4b8d00000,0x000000b4b8e00000) (1024K)]
  0x0000023e955abb80 JavaThread "stderr"                            [_thread_in_native, id=19812, stack(0x000000b4b8e00000,0x000000b4b8f00000) (1024K)]
  0x0000023e955ac210 JavaThread "stdout"                            [_thread_in_native, id=3352, stack(0x000000b4b8f00000,0x000000b4b9000000) (1024K)]
  0x0000023e83f94db0 JavaThread "stderr"                            [_thread_in_native, id=6356, stack(0x000000b4b9000000,0x000000b4b9100000) (1024K)]
  0x0000023e83f95440 JavaThread "stdout"                            [_thread_in_native, id=31888, stack(0x000000b4b9100000,0x000000b4b9200000) (1024K)]
  0x0000023e95928b30 JavaThread "stderr"                            [_thread_in_native, id=30404, stack(0x000000b4b9200000,0x000000b4b9300000) (1024K)]
  0x0000023e95927e10 JavaThread "stdout"                            [_thread_in_native, id=3016, stack(0x000000b4b9300000,0x000000b4b9400000) (1024K)]
  0x0000023e83f92ce0 JavaThread "ForkJoinPool-1-worker-1"    daemon [_thread_blocked, id=6160, stack(0x000000b4b9400000,0x000000b4b9500000) (1024K)]
  0x0000023e9459a440 JavaThread "ForkJoinPool-1-worker-2"    daemon [_thread_blocked, id=11312, stack(0x000000b4b9500000,0x000000b4b9600000) (1024K)]
  0x0000023e955ab4f0 JavaThread "ForkJoinPool-1-worker-3"    daemon [_thread_blocked, id=18420, stack(0x000000b4b9600000,0x000000b4b9700000) (1024K)]
  0x0000023e955a0f60 JavaThread "ForkJoinPool-1-worker-4"    daemon [_thread_blocked, id=2180, stack(0x000000b4b9700000,0x000000b4b9800000) (1024K)]
  0x0000023eaadece60 JavaThread "ForkJoinPool-1-worker-5"    daemon [_thread_blocked, id=29220, stack(0x000000b4b9800000,0x000000b4b9900000) (1024K)]
  0x0000023e94597650 JavaThread "ForkJoinPool-1-worker-6"    daemon [_thread_blocked, id=3272, stack(0x000000b4b9900000,0x000000b4b9a00000) (1024K)]
  0x0000023e83f95ad0 JavaThread "ForkJoinPool-1-worker-7"    daemon [_thread_blocked, id=31804, stack(0x000000b4b9a00000,0x000000b4b9b00000) (1024K)]
  0x0000023eaadebab0 JavaThread "ForkJoinPool-1-worker-8"    daemon [_thread_blocked, id=23944, stack(0x000000b4b9b00000,0x000000b4b9c00000) (1024K)]
  0x0000023eab166380 JavaThread "C2 CompilerThread1"         daemon [_thread_blocked, id=21876, stack(0x000000b4b7000000,0x000000b4b7100000) (1024K)]
Total: 188

Other Threads:
=>0x0000023e7eb141b0 VMThread "VM Thread"                           [id=18412, stack(0x000000b4ad000000,0x000000b4ad100000) (1024K)]
  0x0000023e7eb00580 WatcherThread "VM Periodic Task Thread"        [id=30184, stack(0x000000b4acf00000,0x000000b4ad000000) (1024K)]
  0x0000023e73efb8b0 WorkerThread "GC Thread#0"                     [id=11188, stack(0x000000b4aca00000,0x000000b4acb00000) (1024K)]
  0x0000023e7f6984c0 WorkerThread "GC Thread#1"                     [id=18280, stack(0x000000b4adb00000,0x000000b4adc00000) (1024K)]
  0x0000023e7f77bf00 WorkerThread "GC Thread#2"                     [id=11760, stack(0x000000b4adc00000,0x000000b4add00000) (1024K)]
  0x0000023e6f2e2690 WorkerThread "GC Thread#3"                     [id=32992, stack(0x000000b4add00000,0x000000b4ade00000) (1024K)]
  0x0000023e6f2e2df0 WorkerThread "GC Thread#4"                     [id=25540, stack(0x000000b4ade00000,0x000000b4adf00000) (1024K)]
  0x0000023e6f2e3cb0 WorkerThread "GC Thread#5"                     [id=32916, stack(0x000000b4ae100000,0x000000b4ae200000) (1024K)]
  0x0000023e6f2e22e0 WorkerThread "GC Thread#6"                     [id=2532, stack(0x000000b4ae200000,0x000000b4ae300000) (1024K)]
  0x0000023e6ffe17a0 WorkerThread "GC Thread#7"                     [id=11888, stack(0x000000b4ae300000,0x000000b4ae400000) (1024K)]
  0x0000023e73f087a0 ConcurrentGCThread "G1 Main Marker"            [id=29800, stack(0x000000b4acb00000,0x000000b4acc00000) (1024K)]
  0x0000023e73f090e0 WorkerThread "G1 Conc#0"                       [id=21796, stack(0x000000b4acc00000,0x000000b4acd00000) (1024K)]
  0x0000023e6ffe1b50 WorkerThread "G1 Conc#1"                       [id=14052, stack(0x000000b4af000000,0x000000b4af100000) (1024K)]
  0x0000023e7e9ce380 ConcurrentGCThread "G1 Refine#0"               [id=20064, stack(0x000000b4acd00000,0x000000b4ace00000) (1024K)]
  0x0000023e7e9cfcc0 ConcurrentGCThread "G1 Service"                [id=31756, stack(0x000000b4ace00000,0x000000b4acf00000) (1024K)]
Total: 15

Threads with active compile tasks:
C2 CompilerThread0   392486 54490       4       com.android.tools.r8.internal.zc::x (34 bytes)
C1 CompilerThread0   392486 54513       2       com.android.tools.r8.shaking.k0$$Lambda/0x0000023e2d20c408::<init> (32 bytes)
C2 CompilerThread1   392486 53686 %     4       com.android.tools.r8.internal.ju::a @ 3364 (7028 bytes)
Total: 3

VM state: at safepoint (normal execution)

VM Mutex/Monitor currently owned by a thread:  ([mutex/lock_event])
[0x00007ffb62abaf50] Threads_lock - owner thread: 0x0000023e7eb141b0
[0x00007ffb62abb050] Heap_lock - owner thread: 0x0000023e955a0f60

Heap address: 0x0000000600000000, size: 8192 MB, Compressed Oops mode: Zero based, Oop shift amount: 3

CDS archive(s) mapped at: [0x0000023e2a000000-0x0000023e2ac90000-0x0000023e2ac90000), size 13172736, SharedBaseAddress: 0x0000023e2a000000, ArchiveRelocationMode: 1.
Compressed class space mapped at: 0x0000023e2b000000-0x0000023e6b000000, reserved size: 1073741824
Narrow klass base: 0x0000023e2a000000, Narrow klass shift: 0, Narrow klass range: 0x100000000

GC Precious Log:
 CardTable entry size: 512
 Card Set container configuration: InlinePtr #cards 4 size 8 Array Of Cards #cards 32 size 80 Howl #buckets 8 coarsen threshold 7372 Howl Bitmap #cards 1024 size 144 coarsen threshold 921 Card regions per heap region 1 cards per card region 8192
 CPUs: 8 total, 8 available
 Memory: 7418M
 Large Page Support: Disabled
 NUMA Support: Disabled
 Compressed Oops: Enabled (Zero based)
 Heap Region Size: 4M
 Heap Min Capacity: 8M
 Heap Initial Capacity: 116M
 Heap Max Capacity: 8G
 Pre-touch: Disabled
 Parallel Workers: 8
 Concurrent Workers: 2
 Concurrent Refinement Workers: 8
 Periodic GC: Disabled

Heap:
 garbage-first heap   total 1187840K, used 642318K [0x0000000600000000, 0x0000000800000000)
  region size 4096K, 5 young (20480K), 5 survivors (20480K)
 Metaspace       used 270374K, committed 273792K, reserved 1310720K
  class space    used 33437K, committed 35136K, reserved 1048576K

Heap Regions: E=young(eden), S=young(survivor), O=old, HS=humongous(starts), HC=humongous(continues), CS=collection set, F=free, TAMS=top-at-mark-start, PB=parsable bottom
|   0|0x0000000600000000, 0x0000000600400000, 0x0000000600400000|100%|HS|  |TAMS 0x0000000600000000| PB 0x0000000600000000| Complete 
|   1|0x0000000600400000, 0x0000000600800000, 0x0000000600800000|100%| O|  |TAMS 0x0000000600400000| PB 0x0000000600400000| Untracked 
|   2|0x0000000600800000, 0x0000000600c00000, 0x0000000600c00000|100%| O|  |TAMS 0x0000000600800000| PB 0x0000000600800000| Untracked 
|   3|0x0000000600c00000, 0x0000000601000000, 0x0000000601000000|100%| O|  |TAMS 0x0000000600c00000| PB 0x0000000600c00000| Untracked 
|   4|0x0000000601000000, 0x0000000601400000, 0x0000000601400000|100%| O|  |TAMS 0x0000000601000000| PB 0x0000000601000000| Untracked 
|   5|0x0000000601400000, 0x0000000601800000, 0x0000000601800000|100%| O|  |TAMS 0x0000000601400000| PB 0x0000000601400000| Untracked 
|   6|0x0000000601800000, 0x0000000601c00000, 0x0000000601c00000|100%| O|  |TAMS 0x0000000601800000| PB 0x0000000601800000| Untracked 
|   7|0x0000000601c00000, 0x0000000602000000, 0x0000000602000000|100%| O|  |TAMS 0x0000000601c00000| PB 0x0000000601c00000| Untracked 
|   8|0x0000000602000000, 0x0000000602400000, 0x0000000602400000|100%| O|  |TAMS 0x0000000602000000| PB 0x0000000602000000| Untracked 
|   9|0x0000000602400000, 0x0000000602800000, 0x0000000602800000|100%| O|  |TAMS 0x0000000602400000| PB 0x0000000602400000| Untracked 
|  10|0x0000000602800000, 0x0000000602c00000, 0x0000000602c00000|100%| O|  |TAMS 0x0000000602800000| PB 0x0000000602800000| Untracked 
|  11|0x0000000602c00000, 0x0000000603000000, 0x0000000603000000|100%| O|  |TAMS 0x0000000602c00000| PB 0x0000000602c00000| Untracked 
|  12|0x0000000603000000, 0x0000000603400000, 0x0000000603400000|100%| O|  |TAMS 0x0000000603000000| PB 0x0000000603000000| Untracked 
|  13|0x0000000603400000, 0x0000000603800000, 0x0000000603800000|100%| O|  |TAMS 0x0000000603400000| PB 0x0000000603400000| Untracked 
|  14|0x0000000603800000, 0x0000000603c00000, 0x0000000603c00000|100%| O|  |TAMS 0x0000000603800000| PB 0x0000000603800000| Untracked 
|  15|0x0000000603c00000, 0x0000000604000000, 0x0000000604000000|100%| O|  |TAMS 0x0000000603c00000| PB 0x0000000603c00000| Untracked 
|  16|0x0000000604000000, 0x0000000604400000, 0x0000000604400000|100%| O|  |TAMS 0x0000000604000000| PB 0x0000000604000000| Untracked 
|  17|0x0000000604400000, 0x0000000604800000, 0x0000000604800000|100%| O|  |TAMS 0x0000000604400000| PB 0x0000000604400000| Untracked 
|  18|0x0000000604800000, 0x0000000604c00000, 0x0000000604c00000|100%| O|  |TAMS 0x0000000604800000| PB 0x0000000604800000| Untracked 
|  19|0x0000000604c00000, 0x0000000605000000, 0x0000000605000000|100%| O|  |TAMS 0x0000000604c00000| PB 0x0000000604c00000| Untracked 
|  20|0x0000000605000000, 0x0000000605400000, 0x0000000605400000|100%| O|  |TAMS 0x0000000605000000| PB 0x0000000605000000| Untracked 
|  21|0x0000000605400000, 0x0000000605800000, 0x0000000605800000|100%| O|  |TAMS 0x0000000605400000| PB 0x0000000605400000| Untracked 
|  22|0x0000000605800000, 0x0000000605c00000, 0x0000000605c00000|100%| O|  |TAMS 0x0000000605800000| PB 0x0000000605800000| Untracked 
|  23|0x0000000605c00000, 0x0000000606000000, 0x0000000606000000|100%| O|  |TAMS 0x0000000605c00000| PB 0x0000000605c00000| Untracked 
|  24|0x0000000606000000, 0x0000000606400000, 0x0000000606400000|100%| O|  |TAMS 0x0000000606000000| PB 0x0000000606000000| Untracked 
|  25|0x0000000606400000, 0x0000000606800000, 0x0000000606800000|100%| O|  |TAMS 0x0000000606400000| PB 0x0000000606400000| Untracked 
|  26|0x0000000606800000, 0x0000000606c00000, 0x0000000606c00000|100%| O|  |TAMS 0x0000000606800000| PB 0x0000000606800000| Untracked 
|  27|0x0000000606c00000, 0x0000000607000000, 0x0000000607000000|100%| O|  |TAMS 0x0000000606c00000| PB 0x0000000606c00000| Untracked 
|  28|0x0000000607000000, 0x0000000607400000, 0x0000000607400000|100%| O|  |TAMS 0x0000000607000000| PB 0x0000000607000000| Untracked 
|  29|0x0000000607400000, 0x0000000607800000, 0x0000000607800000|100%|HS|  |TAMS 0x0000000607400000| PB 0x0000000607400000| Complete 
|  30|0x0000000607800000, 0x0000000607c00000, 0x0000000607c00000|100%| O|  |TAMS 0x0000000607800000| PB 0x0000000607800000| Untracked 
|  31|0x0000000607c00000, 0x0000000608000000, 0x0000000608000000|100%| O|  |TAMS 0x0000000607c00000| PB 0x0000000607c00000| Untracked 
|  32|0x0000000608000000, 0x0000000608400000, 0x0000000608400000|100%| O|  |TAMS 0x0000000608000000| PB 0x0000000608000000| Untracked 
|  33|0x0000000608400000, 0x0000000608800000, 0x0000000608800000|100%| O|  |TAMS 0x0000000608400000| PB 0x0000000608400000| Untracked 
|  34|0x0000000608800000, 0x0000000608c00000, 0x0000000608c00000|100%| O|  |TAMS 0x0000000608800000| PB 0x0000000608800000| Untracked 
|  35|0x0000000608c00000, 0x0000000609000000, 0x0000000609000000|100%| O|  |TAMS 0x0000000608c00000| PB 0x0000000608c00000| Untracked 
|  36|0x0000000609000000, 0x0000000609400000, 0x0000000609400000|100%| O|  |TAMS 0x0000000609000000| PB 0x0000000609000000| Untracked 
|  37|0x0000000609400000, 0x0000000609800000, 0x0000000609800000|100%| O|  |TAMS 0x0000000609400000| PB 0x0000000609400000| Untracked 
|  38|0x0000000609800000, 0x0000000609c00000, 0x0000000609c00000|100%| O|  |TAMS 0x0000000609800000| PB 0x0000000609800000| Untracked 
|  39|0x0000000609c00000, 0x000000060a000000, 0x000000060a000000|100%| O|  |TAMS 0x0000000609c00000| PB 0x0000000609c00000| Untracked 
|  40|0x000000060a000000, 0x000000060a400000, 0x000000060a400000|100%| O|  |TAMS 0x000000060a000000| PB 0x000000060a000000| Untracked 
|  41|0x000000060a400000, 0x000000060a800000, 0x000000060a800000|100%| O|  |TAMS 0x000000060a400000| PB 0x000000060a400000| Untracked 
|  42|0x000000060a800000, 0x000000060ac00000, 0x000000060ac00000|100%| O|  |TAMS 0x000000060a800000| PB 0x000000060a800000| Untracked 
|  43|0x000000060ac00000, 0x000000060b000000, 0x000000060b000000|100%| O|  |TAMS 0x000000060ac00000| PB 0x000000060ac00000| Untracked 
|  44|0x000000060b000000, 0x000000060b400000, 0x000000060b400000|100%| O|  |TAMS 0x000000060b000000| PB 0x000000060b000000| Untracked 
|  45|0x000000060b400000, 0x000000060b800000, 0x000000060b800000|100%| O|  |TAMS 0x000000060b400000| PB 0x000000060b400000| Untracked 
|  46|0x000000060b800000, 0x000000060bc00000, 0x000000060bc00000|100%| O|  |TAMS 0x000000060b800000| PB 0x000000060b800000| Untracked 
|  47|0x000000060bc00000, 0x000000060c000000, 0x000000060c000000|100%| O|  |TAMS 0x000000060bc00000| PB 0x000000060bc00000| Untracked 
|  48|0x000000060c000000, 0x000000060c400000, 0x000000060c400000|100%| O|  |TAMS 0x000000060c000000| PB 0x000000060c000000| Untracked 
|  49|0x000000060c400000, 0x000000060c800000, 0x000000060c800000|100%| O|  |TAMS 0x000000060c400000| PB 0x000000060c400000| Untracked 
|  50|0x000000060c800000, 0x000000060cc00000, 0x000000060cc00000|100%| O|  |TAMS 0x000000060c800000| PB 0x000000060c800000| Untracked 
|  51|0x000000060cc00000, 0x000000060d000000, 0x000000060d000000|100%| O|  |TAMS 0x000000060cc00000| PB 0x000000060cc00000| Untracked 
|  52|0x000000060d000000, 0x000000060d400000, 0x000000060d400000|100%| O|  |TAMS 0x000000060d000000| PB 0x000000060d000000| Untracked 
|  53|0x000000060d400000, 0x000000060d400000, 0x000000060d800000|  0%| F|  |TAMS 0x000000060d400000| PB 0x000000060d400000| Untracked 
|  54|0x000000060d800000, 0x000000060dc00000, 0x000000060dc00000|100%| O|  |TAMS 0x000000060d800000| PB 0x000000060d800000| Untracked 
|  55|0x000000060dc00000, 0x000000060e000000, 0x000000060e000000|100%| O|  |TAMS 0x000000060dc00000| PB 0x000000060dc00000| Untracked 
|  56|0x000000060e000000, 0x000000060e400000, 0x000000060e400000|100%| O|  |TAMS 0x000000060e000000| PB 0x000000060e000000| Untracked 
|  57|0x000000060e400000, 0x000000060e800000, 0x000000060e800000|100%| O|  |TAMS 0x000000060e400000| PB 0x000000060e400000| Untracked 
|  58|0x000000060e800000, 0x000000060ec00000, 0x000000060ec00000|100%| O|  |TAMS 0x000000060e800000| PB 0x000000060e800000| Untracked 
|  59|0x000000060ec00000, 0x000000060f000000, 0x000000060f000000|100%| O|  |TAMS 0x000000060ec00000| PB 0x000000060ec00000| Untracked 
|  60|0x000000060f000000, 0x000000060f400000, 0x000000060f400000|100%| O|  |TAMS 0x000000060f000000| PB 0x000000060f000000| Untracked 
|  61|0x000000060f400000, 0x000000060f800000, 0x000000060f800000|100%| O|  |TAMS 0x000000060f400000| PB 0x000000060f400000| Untracked 
|  62|0x000000060f800000, 0x000000060fc00000, 0x000000060fc00000|100%| O|  |TAMS 0x000000060f800000| PB 0x000000060f800000| Untracked 
|  63|0x000000060fc00000, 0x0000000610000000, 0x0000000610000000|100%| O|  |TAMS 0x000000060fc00000| PB 0x000000060fc00000| Untracked 
|  64|0x0000000610000000, 0x0000000610400000, 0x0000000610400000|100%| O|  |TAMS 0x0000000610000000| PB 0x0000000610000000| Untracked 
|  65|0x0000000610400000, 0x0000000610800000, 0x0000000610800000|100%| O|  |TAMS 0x0000000610400000| PB 0x0000000610400000| Untracked 
|  66|0x0000000610800000, 0x0000000610c00000, 0x0000000610c00000|100%| O|  |TAMS 0x0000000610800000| PB 0x0000000610800000| Untracked 
|  67|0x0000000610c00000, 0x0000000611000000, 0x0000000611000000|100%| O|  |TAMS 0x0000000610c00000| PB 0x0000000610c00000| Untracked 
|  68|0x0000000611000000, 0x0000000611400000, 0x0000000611400000|100%| O|  |TAMS 0x0000000611000000| PB 0x0000000611000000| Untracked 
|  69|0x0000000611400000, 0x0000000611800000, 0x0000000611800000|100%| O|  |TAMS 0x0000000611400000| PB 0x0000000611400000| Untracked 
|  70|0x0000000611800000, 0x0000000611c00000, 0x0000000611c00000|100%| O|  |TAMS 0x0000000611800000| PB 0x0000000611800000| Untracked 
|  71|0x0000000611c00000, 0x0000000612000000, 0x0000000612000000|100%| O|  |TAMS 0x0000000611c00000| PB 0x0000000611c00000| Untracked 
|  72|0x0000000612000000, 0x0000000612400000, 0x0000000612400000|100%| O|  |TAMS 0x0000000612000000| PB 0x0000000612000000| Untracked 
|  73|0x0000000612400000, 0x0000000612800000, 0x0000000612800000|100%| O|  |TAMS 0x0000000612400000| PB 0x0000000612400000| Untracked 
|  74|0x0000000612800000, 0x0000000612c00000, 0x0000000612c00000|100%| O|  |TAMS 0x0000000612800000| PB 0x0000000612800000| Untracked 
|  75|0x0000000612c00000, 0x0000000613000000, 0x0000000613000000|100%| O|  |TAMS 0x0000000612c00000| PB 0x0000000612c00000| Untracked 
|  76|0x0000000613000000, 0x0000000613400000, 0x0000000613400000|100%|HS|  |TAMS 0x0000000613000000| PB 0x0000000613000000| Complete 
|  77|0x0000000613400000, 0x0000000613800000, 0x0000000613800000|100%| O|  |TAMS 0x0000000613400000| PB 0x0000000613400000| Untracked 
|  78|0x0000000613800000, 0x0000000613c00000, 0x0000000613c00000|100%| O|  |TAMS 0x0000000613800000| PB 0x0000000613800000| Untracked 
|  79|0x0000000613c00000, 0x0000000614000000, 0x0000000614000000|100%| O|  |TAMS 0x0000000613c00000| PB 0x0000000613c00000| Untracked 
|  80|0x0000000614000000, 0x0000000614400000, 0x0000000614400000|100%| O|  |TAMS 0x0000000614000000| PB 0x0000000614000000| Untracked 
|  81|0x0000000614400000, 0x0000000614800000, 0x0000000614800000|100%| O|  |TAMS 0x0000000614400000| PB 0x0000000614400000| Untracked 
|  82|0x0000000614800000, 0x0000000614c00000, 0x0000000614c00000|100%| O|  |TAMS 0x0000000614800000| PB 0x0000000614800000| Untracked 
|  83|0x0000000614c00000, 0x0000000615000000, 0x0000000615000000|100%| O|  |TAMS 0x0000000614c00000| PB 0x0000000614c00000| Untracked 
|  84|0x0000000615000000, 0x0000000615400000, 0x0000000615400000|100%| O|  |TAMS 0x0000000615000000| PB 0x0000000615000000| Untracked 
|  85|0x0000000615400000, 0x0000000615800000, 0x0000000615800000|100%| O|  |TAMS 0x0000000615400000| PB 0x0000000615400000| Untracked 
|  86|0x0000000615800000, 0x0000000615c00000, 0x0000000615c00000|100%| O|  |TAMS 0x0000000615800000| PB 0x0000000615800000| Untracked 
|  87|0x0000000615c00000, 0x0000000616000000, 0x0000000616000000|100%| O|  |TAMS 0x0000000615c00000| PB 0x0000000615c00000| Untracked 
|  88|0x0000000616000000, 0x0000000616400000, 0x0000000616400000|100%| O|  |TAMS 0x0000000616000000| PB 0x0000000616000000| Untracked 
|  89|0x0000000616400000, 0x0000000616800000, 0x0000000616800000|100%| O|  |TAMS 0x0000000616400000| PB 0x0000000616400000| Untracked 
|  90|0x0000000616800000, 0x0000000616c00000, 0x0000000616c00000|100%| O|  |TAMS 0x0000000616800000| PB 0x0000000616800000| Untracked 
|  91|0x0000000616c00000, 0x0000000616cf19c8, 0x0000000617000000| 23%| O|  |TAMS 0x0000000616c00000| PB 0x0000000616c00000| Untracked 
|  92|0x0000000617000000, 0x0000000617400000, 0x0000000617400000|100%| O|  |TAMS 0x0000000617000000| PB 0x0000000617000000| Untracked 
|  93|0x0000000617400000, 0x0000000617800000, 0x0000000617800000|100%| O|  |TAMS 0x0000000617400000| PB 0x0000000617400000| Untracked 
|  94|0x0000000617800000, 0x0000000617c00000, 0x0000000617c00000|100%| O|  |TAMS 0x0000000617800000| PB 0x0000000617800000| Untracked 
|  95|0x0000000617c00000, 0x0000000618000000, 0x0000000618000000|100%| O|  |TAMS 0x0000000617c00000| PB 0x0000000617c00000| Untracked 
|  96|0x0000000618000000, 0x0000000618400000, 0x0000000618400000|100%| O|  |TAMS 0x0000000618000000| PB 0x0000000618000000| Untracked 
|  97|0x0000000618400000, 0x0000000618800000, 0x0000000618800000|100%| O|  |TAMS 0x0000000618400000| PB 0x0000000618400000| Untracked 
|  98|0x0000000618800000, 0x0000000618c00000, 0x0000000618c00000|100%| O|  |TAMS 0x0000000618800000| PB 0x0000000618800000| Untracked 
|  99|0x0000000618c00000, 0x0000000619000000, 0x0000000619000000|100%| O|  |TAMS 0x0000000618c00000| PB 0x0000000618c00000| Untracked 
| 100|0x0000000619000000, 0x0000000619400000, 0x0000000619400000|100%| O|  |TAMS 0x0000000619000000| PB 0x0000000619000000| Untracked 
| 101|0x0000000619400000, 0x0000000619800000, 0x0000000619800000|100%| O|  |TAMS 0x0000000619400000| PB 0x0000000619400000| Untracked 
| 102|0x0000000619800000, 0x0000000619c00000, 0x0000000619c00000|100%| O|  |TAMS 0x0000000619800000| PB 0x0000000619800000| Untracked 
| 103|0x0000000619c00000, 0x000000061a000000, 0x000000061a000000|100%| O|  |TAMS 0x0000000619c00000| PB 0x0000000619c00000| Untracked 
| 104|0x000000061a000000, 0x000000061a400000, 0x000000061a400000|100%| O|  |TAMS 0x000000061a000000| PB 0x000000061a000000| Untracked 
| 105|0x000000061a400000, 0x000000061a800000, 0x000000061a800000|100%| O|  |TAMS 0x000000061a400000| PB 0x000000061a400000| Untracked 
| 106|0x000000061a800000, 0x000000061ac00000, 0x000000061ac00000|100%| O|  |TAMS 0x000000061a800000| PB 0x000000061a800000| Untracked 
| 107|0x000000061ac00000, 0x000000061b000000, 0x000000061b000000|100%| O|  |TAMS 0x000000061ac00000| PB 0x000000061ac00000| Untracked 
| 108|0x000000061b000000, 0x000000061b400000, 0x000000061b400000|100%| O|  |TAMS 0x000000061b000000| PB 0x000000061b000000| Untracked 
| 109|0x000000061b400000, 0x000000061b800000, 0x000000061b800000|100%| O|  |TAMS 0x000000061b400000| PB 0x000000061b400000| Untracked 
| 110|0x000000061b800000, 0x000000061bc00000, 0x000000061bc00000|100%| O|  |TAMS 0x000000061b800000| PB 0x000000061b800000| Untracked 
| 111|0x000000061bc00000, 0x000000061c000000, 0x000000061c000000|100%| O|  |TAMS 0x000000061bc00000| PB 0x000000061bc00000| Untracked 
| 112|0x000000061c000000, 0x000000061c400000, 0x000000061c400000|100%| O|  |TAMS 0x000000061c000000| PB 0x000000061c000000| Untracked 
| 113|0x000000061c400000, 0x000000061c800000, 0x000000061c800000|100%| O|  |TAMS 0x000000061c400000| PB 0x000000061c400000| Untracked 
| 114|0x000000061c800000, 0x000000061cc00000, 0x000000061cc00000|100%| O|  |TAMS 0x000000061c800000| PB 0x000000061c800000| Untracked 
| 115|0x000000061cc00000, 0x000000061d000000, 0x000000061d000000|100%| O|  |TAMS 0x000000061cc00000| PB 0x000000061cc00000| Untracked 
| 116|0x000000061d000000, 0x000000061d400000, 0x000000061d400000|100%| O|  |TAMS 0x000000061d000000| PB 0x000000061d000000| Untracked 
| 117|0x000000061d400000, 0x000000061d800000, 0x000000061d800000|100%| O|  |TAMS 0x000000061d400000| PB 0x000000061d400000| Untracked 
| 118|0x000000061d800000, 0x000000061dc00000, 0x000000061dc00000|100%| O|  |TAMS 0x000000061d800000| PB 0x000000061d800000| Untracked 
| 119|0x000000061dc00000, 0x000000061e000000, 0x000000061e000000|100%| O|  |TAMS 0x000000061dc00000| PB 0x000000061dc00000| Untracked 
| 120|0x000000061e000000, 0x000000061e400000, 0x000000061e400000|100%| O|  |TAMS 0x000000061e000000| PB 0x000000061e000000| Untracked 
| 121|0x000000061e400000, 0x000000061e800000, 0x000000061e800000|100%| O|  |TAMS 0x000000061e400000| PB 0x000000061e400000| Untracked 
| 122|0x000000061e800000, 0x000000061ec00000, 0x000000061ec00000|100%| O|  |TAMS 0x000000061e800000| PB 0x000000061e800000| Untracked 
| 123|0x000000061ec00000, 0x000000061f000000, 0x000000061f000000|100%| O|  |TAMS 0x000000061ec00000| PB 0x000000061ec00000| Untracked 
| 124|0x000000061f000000, 0x000000061f400000, 0x000000061f400000|100%| O|  |TAMS 0x000000061f000000| PB 0x000000061f000000| Untracked 
| 125|0x000000061f400000, 0x000000061f800000, 0x000000061f800000|100%| O|  |TAMS 0x000000061f400000| PB 0x000000061f400000| Untracked 
| 126|0x000000061f800000, 0x000000061fc00000, 0x000000061fc00000|100%| O|  |TAMS 0x000000061f800000| PB 0x000000061f800000| Untracked 
| 127|0x000000061fc00000, 0x0000000620000000, 0x0000000620000000|100%| O|  |TAMS 0x000000061fc00000| PB 0x000000061fc00000| Untracked 
| 128|0x0000000620000000, 0x0000000620400000, 0x0000000620400000|100%| O|  |TAMS 0x0000000620000000| PB 0x0000000620000000| Untracked 
| 129|0x0000000620400000, 0x0000000620800000, 0x0000000620800000|100%| O|  |TAMS 0x0000000620400000| PB 0x0000000620400000| Untracked 
| 130|0x0000000620800000, 0x0000000620c00000, 0x0000000620c00000|100%| O|  |TAMS 0x0000000620800000| PB 0x0000000620800000| Untracked 
| 131|0x0000000620c00000, 0x0000000621000000, 0x0000000621000000|100%| O|  |TAMS 0x0000000620c00000| PB 0x0000000620c00000| Untracked 
| 132|0x0000000621000000, 0x0000000621400000, 0x0000000621400000|100%| O|  |TAMS 0x0000000621000000| PB 0x0000000621000000| Untracked 
| 133|0x0000000621400000, 0x0000000621800000, 0x0000000621800000|100%| O|  |TAMS 0x0000000621400000| PB 0x0000000621400000| Untracked 
| 134|0x0000000621800000, 0x0000000621c00000, 0x0000000621c00000|100%| O|  |TAMS 0x0000000621800000| PB 0x0000000621800000| Untracked 
| 135|0x0000000621c00000, 0x0000000621c00000, 0x0000000622000000|  0%| F|  |TAMS 0x0000000621c00000| PB 0x0000000621c00000| Untracked 
| 136|0x0000000622000000, 0x0000000622000000, 0x0000000622400000|  0%| F|  |TAMS 0x0000000622000000| PB 0x0000000622000000| Untracked 
| 137|0x0000000622400000, 0x0000000622800000, 0x0000000622800000|100%|HS|  |TAMS 0x0000000622400000| PB 0x0000000622400000| Complete 
| 138|0x0000000622800000, 0x0000000622c00000, 0x0000000622c00000|100%|HC|  |TAMS 0x0000000622800000| PB 0x0000000622800000| Complete 
| 139|0x0000000622c00000, 0x0000000623000000, 0x0000000623000000|100%| O|  |TAMS 0x0000000622c00000| PB 0x0000000622c00000| Untracked 
| 140|0x0000000623000000, 0x0000000623400000, 0x0000000623400000|100%| O|  |TAMS 0x0000000623000000| PB 0x0000000623000000| Untracked 
| 141|0x0000000623400000, 0x0000000623800000, 0x0000000623800000|100%| O|  |TAMS 0x0000000623400000| PB 0x0000000623400000| Untracked 
| 142|0x0000000623800000, 0x0000000623c00000, 0x0000000623c00000|100%| O|  |TAMS 0x0000000623800000| PB 0x0000000623800000| Untracked 
| 143|0x0000000623c00000, 0x0000000624000000, 0x0000000624000000|100%| O|  |TAMS 0x0000000623c00000| PB 0x0000000623c00000| Untracked 
| 144|0x0000000624000000, 0x0000000624400000, 0x0000000624400000|100%| O|  |TAMS 0x0000000624000000| PB 0x0000000624000000| Untracked 
| 145|0x0000000624400000, 0x0000000624800000, 0x0000000624800000|100%| O|  |TAMS 0x0000000624400000| PB 0x0000000624400000| Untracked 
| 146|0x0000000624800000, 0x0000000624c00000, 0x0000000624c00000|100%| O|  |TAMS 0x0000000624800000| PB 0x0000000624800000| Untracked 
| 147|0x0000000624c00000, 0x0000000625000000, 0x0000000625000000|100%| O|  |TAMS 0x0000000624c00000| PB 0x0000000624c00000| Untracked 
| 148|0x0000000625000000, 0x0000000625400000, 0x0000000625400000|100%| O|  |TAMS 0x0000000625000000| PB 0x0000000625000000| Untracked 
| 149|0x0000000625400000, 0x0000000625800000, 0x0000000625800000|100%| O|  |TAMS 0x0000000625400000| PB 0x0000000625400000| Untracked 
| 150|0x0000000625800000, 0x0000000625c00000, 0x0000000625c00000|100%| O|  |TAMS 0x0000000625800000| PB 0x0000000625800000| Untracked 
| 151|0x0000000625c00000, 0x0000000625c00000, 0x0000000626000000|  0%| F|  |TAMS 0x0000000625c00000| PB 0x0000000625c00000| Untracked 
| 152|0x0000000626000000, 0x0000000626000000, 0x0000000626400000|  0%| F|  |TAMS 0x0000000626000000| PB 0x0000000626000000| Untracked 
| 153|0x0000000626400000, 0x0000000626400000, 0x0000000626800000|  0%| F|  |TAMS 0x0000000626400000| PB 0x0000000626400000| Untracked 
| 154|0x0000000626800000, 0x0000000626800000, 0x0000000626c00000|  0%| F|  |TAMS 0x0000000626800000| PB 0x0000000626800000| Untracked 
| 155|0x0000000626c00000, 0x0000000626c00000, 0x0000000627000000|  0%| F|  |TAMS 0x0000000626c00000| PB 0x0000000626c00000| Untracked 
| 156|0x0000000627000000, 0x0000000627000000, 0x0000000627400000|  0%| F|  |TAMS 0x0000000627000000| PB 0x0000000627000000| Untracked 
| 157|0x0000000627400000, 0x0000000627400000, 0x0000000627800000|  0%| F|  |TAMS 0x0000000627400000| PB 0x0000000627400000| Untracked 
| 158|0x0000000627800000, 0x0000000627800000, 0x0000000627c00000|  0%| F|  |TAMS 0x0000000627800000| PB 0x0000000627800000| Untracked 
| 159|0x0000000627c00000, 0x0000000627c00000, 0x0000000628000000|  0%| F|  |TAMS 0x0000000627c00000| PB 0x0000000627c00000| Untracked 
| 160|0x0000000628000000, 0x0000000628000000, 0x0000000628400000|  0%| F|  |TAMS 0x0000000628000000| PB 0x0000000628000000| Untracked 
| 161|0x0000000628400000, 0x0000000628400000, 0x0000000628800000|  0%| F|  |TAMS 0x0000000628400000| PB 0x0000000628400000| Untracked 
| 162|0x0000000628800000, 0x0000000628800000, 0x0000000628c00000|  0%| F|  |TAMS 0x0000000628800000| PB 0x0000000628800000| Untracked 
| 163|0x0000000628c00000, 0x0000000628c00000, 0x0000000629000000|  0%| F|  |TAMS 0x0000000628c00000| PB 0x0000000628c00000| Untracked 
| 164|0x0000000629000000, 0x0000000629000000, 0x0000000629400000|  0%| F|  |TAMS 0x0000000629000000| PB 0x0000000629000000| Untracked 
| 165|0x0000000629400000, 0x0000000629400000, 0x0000000629800000|  0%| F|  |TAMS 0x0000000629400000| PB 0x0000000629400000| Untracked 
| 166|0x0000000629800000, 0x0000000629800000, 0x0000000629c00000|  0%| F|  |TAMS 0x0000000629800000| PB 0x0000000629800000| Untracked 
| 167|0x0000000629c00000, 0x000000062a000000, 0x000000062a000000|100%| O|  |TAMS 0x0000000629c00000| PB 0x0000000629c00000| Untracked 
| 168|0x000000062a000000, 0x000000062a400000, 0x000000062a400000|100%| O|  |TAMS 0x000000062a000000| PB 0x000000062a000000| Untracked 
| 169|0x000000062a400000, 0x000000062a800000, 0x000000062a800000|100%| O|  |TAMS 0x000000062a400000| PB 0x000000062a400000| Untracked 
| 170|0x000000062a800000, 0x000000062ac00000, 0x000000062ac00000|100%| O|  |TAMS 0x000000062a800000| PB 0x000000062a800000| Untracked 
| 171|0x000000062ac00000, 0x000000062b000000, 0x000000062b000000|100%| O|  |TAMS 0x000000062ac00000| PB 0x000000062ac00000| Untracked 
| 172|0x000000062b000000, 0x000000062b000000, 0x000000062b400000|  0%| F|  |TAMS 0x000000062b000000| PB 0x000000062b000000| Untracked 
| 173|0x000000062b400000, 0x000000062b400000, 0x000000062b800000|  0%| F|  |TAMS 0x000000062b400000| PB 0x000000062b400000| Untracked 
| 174|0x000000062b800000, 0x000000062b800000, 0x000000062bc00000|  0%| F|  |TAMS 0x000000062b800000| PB 0x000000062b800000| Untracked 
| 175|0x000000062bc00000, 0x000000062bc00000, 0x000000062c000000|  0%| F|  |TAMS 0x000000062bc00000| PB 0x000000062bc00000| Untracked 
| 176|0x000000062c000000, 0x000000062c000000, 0x000000062c400000|  0%| F|  |TAMS 0x000000062c000000| PB 0x000000062c000000| Untracked 
| 177|0x000000062c400000, 0x000000062c400000, 0x000000062c800000|  0%| F|  |TAMS 0x000000062c400000| PB 0x000000062c400000| Untracked 
| 178|0x000000062c800000, 0x000000062c800000, 0x000000062cc00000|  0%| F|  |TAMS 0x000000062c800000| PB 0x000000062c800000| Untracked 
| 179|0x000000062cc00000, 0x000000062cc00000, 0x000000062d000000|  0%| F|  |TAMS 0x000000062cc00000| PB 0x000000062cc00000| Untracked 
| 180|0x000000062d000000, 0x000000062d000000, 0x000000062d400000|  0%| F|  |TAMS 0x000000062d000000| PB 0x000000062d000000| Untracked 
| 181|0x000000062d400000, 0x000000062d400000, 0x000000062d800000|  0%| F|  |TAMS 0x000000062d400000| PB 0x000000062d400000| Untracked 
| 182|0x000000062d800000, 0x000000062d800000, 0x000000062dc00000|  0%| F|  |TAMS 0x000000062d800000| PB 0x000000062d800000| Untracked 
| 183|0x000000062dc00000, 0x000000062dc00000, 0x000000062e000000|  0%| F|  |TAMS 0x000000062dc00000| PB 0x000000062dc00000| Untracked 
| 184|0x000000062e000000, 0x000000062e000000, 0x000000062e400000|  0%| F|  |TAMS 0x000000062e000000| PB 0x000000062e000000| Untracked 
| 185|0x000000062e400000, 0x000000062e400000, 0x000000062e800000|  0%| F|  |TAMS 0x000000062e400000| PB 0x000000062e400000| Untracked 
| 186|0x000000062e800000, 0x000000062e800000, 0x000000062ec00000|  0%| F|  |TAMS 0x000000062e800000| PB 0x000000062e800000| Untracked 
| 187|0x000000062ec00000, 0x000000062ee521e0, 0x000000062f000000| 58%| S|CS|TAMS 0x000000062ec00000| PB 0x000000062ec00000| Complete 
| 188|0x000000062f000000, 0x000000062f400000, 0x000000062f400000|100%| S|CS|TAMS 0x000000062f000000| PB 0x000000062f000000| Complete 
| 189|0x000000062f400000, 0x000000062f800000, 0x000000062f800000|100%| S|CS|TAMS 0x000000062f400000| PB 0x000000062f400000| Complete 
| 190|0x000000062f800000, 0x000000062fc00000, 0x000000062fc00000|100%| S|CS|TAMS 0x000000062f800000| PB 0x000000062f800000| Complete 
| 191|0x000000062fc00000, 0x0000000630000000, 0x0000000630000000|100%| S|CS|TAMS 0x000000062fc00000| PB 0x000000062fc00000| Complete 
| 192|0x0000000630000000, 0x0000000630000000, 0x0000000630400000|  0%| F|  |TAMS 0x0000000630000000| PB 0x0000000630000000| Untracked 
| 193|0x0000000630400000, 0x0000000630400000, 0x0000000630800000|  0%| F|  |TAMS 0x0000000630400000| PB 0x0000000630400000| Untracked 
| 194|0x0000000630800000, 0x0000000630800000, 0x0000000630c00000|  0%| F|  |TAMS 0x0000000630800000| PB 0x0000000630800000| Untracked 
| 195|0x0000000630c00000, 0x0000000630c00000, 0x0000000631000000|  0%| F|  |TAMS 0x0000000630c00000| PB 0x0000000630c00000| Untracked 
| 196|0x0000000631000000, 0x0000000631000000, 0x0000000631400000|  0%| F|  |TAMS 0x0000000631000000| PB 0x0000000631000000| Untracked 
| 197|0x0000000631400000, 0x0000000631400000, 0x0000000631800000|  0%| F|  |TAMS 0x0000000631400000| PB 0x0000000631400000| Untracked 
| 198|0x0000000631800000, 0x0000000631800000, 0x0000000631c00000|  0%| F|  |TAMS 0x0000000631800000| PB 0x0000000631800000| Untracked 
| 199|0x0000000631c00000, 0x0000000631c00000, 0x0000000632000000|  0%| F|  |TAMS 0x0000000631c00000| PB 0x0000000631c00000| Untracked 
| 200|0x0000000632000000, 0x0000000632000000, 0x0000000632400000|  0%| F|  |TAMS 0x0000000632000000| PB 0x0000000632000000| Untracked 
| 201|0x0000000632400000, 0x0000000632400000, 0x0000000632800000|  0%| F|  |TAMS 0x0000000632400000| PB 0x0000000632400000| Untracked 
| 202|0x0000000632800000, 0x0000000632800000, 0x0000000632c00000|  0%| F|  |TAMS 0x0000000632800000| PB 0x0000000632800000| Untracked 
| 203|0x0000000632c00000, 0x0000000632c00000, 0x0000000633000000|  0%| F|  |TAMS 0x0000000632c00000| PB 0x0000000632c00000| Untracked 
| 204|0x0000000633000000, 0x0000000633000000, 0x0000000633400000|  0%| F|  |TAMS 0x0000000633000000| PB 0x0000000633000000| Untracked 
| 205|0x0000000633400000, 0x0000000633400000, 0x0000000633800000|  0%| F|  |TAMS 0x0000000633400000| PB 0x0000000633400000| Untracked 
| 206|0x0000000633800000, 0x0000000633800000, 0x0000000633c00000|  0%| F|  |TAMS 0x0000000633800000| PB 0x0000000633800000| Untracked 
| 207|0x0000000633c00000, 0x0000000633c00000, 0x0000000634000000|  0%| F|  |TAMS 0x0000000633c00000| PB 0x0000000633c00000| Untracked 
| 208|0x0000000634000000, 0x0000000634000000, 0x0000000634400000|  0%| F|  |TAMS 0x0000000634000000| PB 0x0000000634000000| Untracked 
| 209|0x0000000634400000, 0x0000000634400000, 0x0000000634800000|  0%| F|  |TAMS 0x0000000634400000| PB 0x0000000634400000| Untracked 
| 210|0x0000000634800000, 0x0000000634800000, 0x0000000634c00000|  0%| F|  |TAMS 0x0000000634800000| PB 0x0000000634800000| Untracked 
| 211|0x0000000634c00000, 0x0000000634c00000, 0x0000000635000000|  0%| F|  |TAMS 0x0000000634c00000| PB 0x0000000634c00000| Untracked 
| 212|0x0000000635000000, 0x0000000635000000, 0x0000000635400000|  0%| F|  |TAMS 0x0000000635000000| PB 0x0000000635000000| Untracked 
| 213|0x0000000635400000, 0x0000000635400000, 0x0000000635800000|  0%| F|  |TAMS 0x0000000635400000| PB 0x0000000635400000| Untracked 
| 214|0x0000000635800000, 0x0000000635800000, 0x0000000635c00000|  0%| F|  |TAMS 0x0000000635800000| PB 0x0000000635800000| Untracked 
| 215|0x0000000635c00000, 0x0000000635c00000, 0x0000000636000000|  0%| F|  |TAMS 0x0000000635c00000| PB 0x0000000635c00000| Untracked 
| 216|0x0000000636000000, 0x0000000636000000, 0x0000000636400000|  0%| F|  |TAMS 0x0000000636000000| PB 0x0000000636000000| Untracked 
| 217|0x0000000636400000, 0x0000000636400000, 0x0000000636800000|  0%| F|  |TAMS 0x0000000636400000| PB 0x0000000636400000| Untracked 
| 218|0x0000000636800000, 0x0000000636800000, 0x0000000636c00000|  0%| F|  |TAMS 0x0000000636800000| PB 0x0000000636800000| Untracked 
| 219|0x0000000636c00000, 0x0000000636c00000, 0x0000000637000000|  0%| F|  |TAMS 0x0000000636c00000| PB 0x0000000636c00000| Untracked 
| 220|0x0000000637000000, 0x0000000637000000, 0x0000000637400000|  0%| F|  |TAMS 0x0000000637000000| PB 0x0000000637000000| Untracked 
| 221|0x0000000637400000, 0x0000000637400000, 0x0000000637800000|  0%| F|  |TAMS 0x0000000637400000| PB 0x0000000637400000| Untracked 
| 222|0x0000000637800000, 0x0000000637800000, 0x0000000637c00000|  0%| F|  |TAMS 0x0000000637800000| PB 0x0000000637800000| Untracked 
| 223|0x0000000637c00000, 0x0000000637c00000, 0x0000000638000000|  0%| F|  |TAMS 0x0000000637c00000| PB 0x0000000637c00000| Untracked 
| 224|0x0000000638000000, 0x0000000638000000, 0x0000000638400000|  0%| F|  |TAMS 0x0000000638000000| PB 0x0000000638000000| Untracked 
| 225|0x0000000638400000, 0x0000000638400000, 0x0000000638800000|  0%| F|  |TAMS 0x0000000638400000| PB 0x0000000638400000| Untracked 
| 226|0x0000000638800000, 0x0000000638800000, 0x0000000638c00000|  0%| F|  |TAMS 0x0000000638800000| PB 0x0000000638800000| Untracked 
| 227|0x0000000638c00000, 0x0000000638c00000, 0x0000000639000000|  0%| F|  |TAMS 0x0000000638c00000| PB 0x0000000638c00000| Untracked 
| 228|0x0000000639000000, 0x0000000639000000, 0x0000000639400000|  0%| F|  |TAMS 0x0000000639000000| PB 0x0000000639000000| Untracked 
| 229|0x0000000639400000, 0x0000000639400000, 0x0000000639800000|  0%| F|  |TAMS 0x0000000639400000| PB 0x0000000639400000| Untracked 
| 230|0x0000000639800000, 0x0000000639800000, 0x0000000639c00000|  0%| F|  |TAMS 0x0000000639800000| PB 0x0000000639800000| Untracked 
| 231|0x0000000639c00000, 0x0000000639c00000, 0x000000063a000000|  0%| F|  |TAMS 0x0000000639c00000| PB 0x0000000639c00000| Untracked 
| 232|0x000000063a000000, 0x000000063a000000, 0x000000063a400000|  0%| F|  |TAMS 0x000000063a000000| PB 0x000000063a000000| Untracked 
| 233|0x000000063a400000, 0x000000063a400000, 0x000000063a800000|  0%| F|  |TAMS 0x000000063a400000| PB 0x000000063a400000| Untracked 
| 234|0x000000063a800000, 0x000000063a800000, 0x000000063ac00000|  0%| F|  |TAMS 0x000000063a800000| PB 0x000000063a800000| Untracked 
| 235|0x000000063ac00000, 0x000000063ac00000, 0x000000063b000000|  0%| F|  |TAMS 0x000000063ac00000| PB 0x000000063ac00000| Untracked 
| 236|0x000000063b000000, 0x000000063b000000, 0x000000063b400000|  0%| F|  |TAMS 0x000000063b000000| PB 0x000000063b000000| Untracked 
| 237|0x000000063b400000, 0x000000063b400000, 0x000000063b800000|  0%| F|  |TAMS 0x000000063b400000| PB 0x000000063b400000| Untracked 
| 238|0x000000063b800000, 0x000000063b800000, 0x000000063bc00000|  0%| F|  |TAMS 0x000000063b800000| PB 0x000000063b800000| Untracked 
| 239|0x000000063bc00000, 0x000000063bc00000, 0x000000063c000000|  0%| F|  |TAMS 0x000000063bc00000| PB 0x000000063bc00000| Untracked 
| 240|0x000000063c000000, 0x000000063c000000, 0x000000063c400000|  0%| F|  |TAMS 0x000000063c000000| PB 0x000000063c000000| Untracked 
| 241|0x000000063c400000, 0x000000063c400000, 0x000000063c800000|  0%| F|  |TAMS 0x000000063c400000| PB 0x000000063c400000| Untracked 
| 242|0x000000063c800000, 0x000000063c800000, 0x000000063cc00000|  0%| F|  |TAMS 0x000000063c800000| PB 0x000000063c800000| Untracked 
| 243|0x000000063cc00000, 0x000000063cc00000, 0x000000063d000000|  0%| F|  |TAMS 0x000000063cc00000| PB 0x000000063cc00000| Untracked 
| 244|0x000000063d000000, 0x000000063d000000, 0x000000063d400000|  0%| F|  |TAMS 0x000000063d000000| PB 0x000000063d000000| Untracked 
| 245|0x000000063d400000, 0x000000063d400000, 0x000000063d800000|  0%| F|  |TAMS 0x000000063d400000| PB 0x000000063d400000| Untracked 
| 246|0x000000063d800000, 0x000000063d800000, 0x000000063dc00000|  0%| F|  |TAMS 0x000000063d800000| PB 0x000000063d800000| Untracked 
| 247|0x000000063dc00000, 0x000000063dc00000, 0x000000063e000000|  0%| F|  |TAMS 0x000000063dc00000| PB 0x000000063dc00000| Untracked 
| 248|0x000000063e000000, 0x000000063e000000, 0x000000063e400000|  0%| F|  |TAMS 0x000000063e000000| PB 0x000000063e000000| Untracked 
| 249|0x000000063e400000, 0x000000063e400000, 0x000000063e800000|  0%| F|  |TAMS 0x000000063e400000| PB 0x000000063e400000| Untracked 
| 250|0x000000063e800000, 0x000000063e800000, 0x000000063ec00000|  0%| F|  |TAMS 0x000000063e800000| PB 0x000000063e800000| Untracked 
| 251|0x000000063ec00000, 0x000000063ec00000, 0x000000063f000000|  0%| F|  |TAMS 0x000000063ec00000| PB 0x000000063ec00000| Untracked 
| 252|0x000000063f000000, 0x000000063f000000, 0x000000063f400000|  0%| F|  |TAMS 0x000000063f000000| PB 0x000000063f000000| Untracked 
| 253|0x000000063f400000, 0x000000063f400000, 0x000000063f800000|  0%| F|  |TAMS 0x000000063f400000| PB 0x000000063f400000| Untracked 
| 254|0x000000063f800000, 0x000000063f800000, 0x000000063fc00000|  0%| F|  |TAMS 0x000000063f800000| PB 0x000000063f800000| Untracked 
| 255|0x000000063fc00000, 0x000000063fc00000, 0x0000000640000000|  0%| F|  |TAMS 0x000000063fc00000| PB 0x000000063fc00000| Untracked 
| 256|0x0000000640000000, 0x0000000640000000, 0x0000000640400000|  0%| F|  |TAMS 0x0000000640000000| PB 0x0000000640000000| Untracked 
| 257|0x0000000640400000, 0x0000000640400000, 0x0000000640800000|  0%| F|  |TAMS 0x0000000640400000| PB 0x0000000640400000| Untracked 
| 258|0x0000000640800000, 0x0000000640800000, 0x0000000640c00000|  0%| F|  |TAMS 0x0000000640800000| PB 0x0000000640800000| Untracked 
| 259|0x0000000640c00000, 0x0000000640c00000, 0x0000000641000000|  0%| F|  |TAMS 0x0000000640c00000| PB 0x0000000640c00000| Untracked 
| 260|0x0000000641000000, 0x0000000641000000, 0x0000000641400000|  0%| F|  |TAMS 0x0000000641000000| PB 0x0000000641000000| Untracked 
| 261|0x0000000641400000, 0x0000000641400000, 0x0000000641800000|  0%| F|  |TAMS 0x0000000641400000| PB 0x0000000641400000| Untracked 
| 262|0x0000000641800000, 0x0000000641800000, 0x0000000641c00000|  0%| F|  |TAMS 0x0000000641800000| PB 0x0000000641800000| Untracked 
| 263|0x0000000641c00000, 0x0000000641c00000, 0x0000000642000000|  0%| F|  |TAMS 0x0000000641c00000| PB 0x0000000641c00000| Untracked 
| 264|0x0000000642000000, 0x0000000642000000, 0x0000000642400000|  0%| F|  |TAMS 0x0000000642000000| PB 0x0000000642000000| Untracked 
| 265|0x0000000642400000, 0x0000000642400000, 0x0000000642800000|  0%| F|  |TAMS 0x0000000642400000| PB 0x0000000642400000| Untracked 
| 266|0x0000000642800000, 0x0000000642800000, 0x0000000642c00000|  0%| F|  |TAMS 0x0000000642800000| PB 0x0000000642800000| Untracked 
| 267|0x0000000642c00000, 0x0000000642c00000, 0x0000000643000000|  0%| F|  |TAMS 0x0000000642c00000| PB 0x0000000642c00000| Untracked 
| 268|0x0000000643000000, 0x0000000643000000, 0x0000000643400000|  0%| F|  |TAMS 0x0000000643000000| PB 0x0000000643000000| Untracked 
| 269|0x0000000643400000, 0x0000000643400000, 0x0000000643800000|  0%| F|  |TAMS 0x0000000643400000| PB 0x0000000643400000| Untracked 
| 270|0x0000000643800000, 0x0000000643800000, 0x0000000643c00000|  0%| F|  |TAMS 0x0000000643800000| PB 0x0000000643800000| Untracked 
| 271|0x0000000643c00000, 0x0000000643c00000, 0x0000000644000000|  0%| F|  |TAMS 0x0000000643c00000| PB 0x0000000643c00000| Untracked 
| 272|0x0000000644000000, 0x0000000644000000, 0x0000000644400000|  0%| F|  |TAMS 0x0000000644000000| PB 0x0000000644000000| Untracked 
| 273|0x0000000644400000, 0x0000000644400000, 0x0000000644800000|  0%| F|  |TAMS 0x0000000644400000| PB 0x0000000644400000| Untracked 
| 274|0x0000000644800000, 0x0000000644800000, 0x0000000644c00000|  0%| F|  |TAMS 0x0000000644800000| PB 0x0000000644800000| Untracked 
| 275|0x0000000644c00000, 0x0000000644c00000, 0x0000000645000000|  0%| F|  |TAMS 0x0000000644c00000| PB 0x0000000644c00000| Untracked 
|2034|0x00000007fc800000, 0x00000007fc800000, 0x00000007fcc00000|  0%| F|  |TAMS 0x00000007fc800000| PB 0x00000007fc800000| Untracked 
|2035|0x00000007fcc00000, 0x00000007fcc00000, 0x00000007fd000000|  0%| F|  |TAMS 0x00000007fcc00000| PB 0x00000007fcc00000| Untracked 
|2036|0x00000007fd000000, 0x00000007fd000000, 0x00000007fd400000|  0%| F|  |TAMS 0x00000007fd000000| PB 0x00000007fd000000| Untracked 
|2037|0x00000007fd400000, 0x00000007fd400000, 0x00000007fd800000|  0%| F|  |TAMS 0x00000007fd400000| PB 0x00000007fd400000| Untracked 
|2038|0x00000007fd800000, 0x00000007fd800000, 0x00000007fdc00000|  0%| F|  |TAMS 0x00000007fd800000| PB 0x00000007fd800000| Untracked 
|2039|0x00000007fdc00000, 0x00000007fdc00000, 0x00000007fe000000|  0%| F|  |TAMS 0x00000007fdc00000| PB 0x00000007fdc00000| Untracked 
|2040|0x00000007fe000000, 0x00000007fe000000, 0x00000007fe400000|  0%| F|  |TAMS 0x00000007fe000000| PB 0x00000007fe000000| Untracked 
|2041|0x00000007fe400000, 0x00000007fe400000, 0x00000007fe800000|  0%| F|  |TAMS 0x00000007fe400000| PB 0x00000007fe400000| Untracked 
|2042|0x00000007fe800000, 0x00000007fe800000, 0x00000007fec00000|  0%| F|  |TAMS 0x00000007fe800000| PB 0x00000007fe800000| Untracked 
|2043|0x00000007fec00000, 0x00000007fec00000, 0x00000007ff000000|  0%| F|  |TAMS 0x00000007fec00000| PB 0x00000007fec00000| Untracked 
|2044|0x00000007ff000000, 0x00000007ff000000, 0x00000007ff400000|  0%| F|  |TAMS 0x00000007ff000000| PB 0x00000007ff000000| Untracked 
|2045|0x00000007ff400000, 0x00000007ff400000, 0x00000007ff800000|  0%| F|  |TAMS 0x00000007ff400000| PB 0x00000007ff400000| Untracked 
|2046|0x00000007ff800000, 0x00000007ff800000, 0x00000007ffc00000|  0%| F|  |TAMS 0x00000007ff800000| PB 0x00000007ff800000| Untracked 
|2047|0x00000007ffc00000, 0x00000007ffc00000, 0x0000000800000000|  0%| F|  |TAMS 0x00000007ffc00000| PB 0x00000007ffc00000| Untracked 

Card table byte_map: [0x0000023e7d860000,0x0000023e7e860000] _byte_map_base: 0x0000023e7a860000

Marking Bits: (CMBitMap*) 0x0000023e73efbed0
 Bits: [0x0000023e20000000, 0x0000023e28000000)

Polling page: 0x0000023e71d60000

Metaspace:

Usage:
  Non-class:    231.38 MB used.
      Class:     32.65 MB used.
       Both:    264.04 MB used.

Virtual space:
  Non-class space:      256.00 MB reserved,     233.06 MB ( 91%) committed,  4 nodes.
      Class space:        1.00 GB reserved,      34.31 MB (  3%) committed,  1 nodes.
             Both:        1.25 GB reserved,     267.38 MB ( 21%) committed. 

Chunk freelists:
   Non-Class:  6.68 MB
       Class:  13.67 MB
        Both:  20.35 MB

MaxMetaspaceSize: 4.00 GB
CompressedClassSpaceSize: 1.00 GB
Initial GC threshold: 21.00 MB
Current GC threshold: 422.50 MB
CDS: on
 - commit_granule_bytes: 65536.
 - commit_granule_words: 8192.
 - virtual_space_node_default_size: 8388608.
 - enlarge_chunks_in_place: 1.
 - use_allocation_guard: 0.


Internal statistics:

num_allocs_failed_limit: 12.
num_arena_births: 5824.
num_arena_deaths: 16.
num_vsnodes_births: 5.
num_vsnodes_deaths: 0.
num_space_committed: 4290.
num_space_uncommitted: 15.
num_chunks_returned_to_freelist: 146.
num_chunks_taken_from_freelist: 17313.
num_chunk_merges: 46.
num_chunk_splits: 12093.
num_chunks_enlarged: 8586.
num_inconsistent_stats: 0.

CodeHeap 'non-profiled nmethods': size=259264Kb used=33301Kb max_used=34302Kb free=225962Kb
 bounds [0x0000023e102d0000, 0x0000023e12450000, 0x0000023e20000000]
CodeHeap 'profiled nmethods': size=259264Kb used=85733Kb max_used=90049Kb free=173530Kb
 bounds [0x0000023e00000000, 0x0000023e058c0000, 0x0000023e0fd30000]
CodeHeap 'non-nmethods': size=5760Kb used=2795Kb max_used=2869Kb free=2964Kb
 bounds [0x0000023e0fd30000, 0x0000023e10010000, 0x0000023e102d0000]
 total_blobs=39742 nmethods=38402 adapters=1240
 compilation: enabled
              stopped_count=0, restarted_count=0
 full_count=0

Compilation events (20 events):
Event: 390.345 Thread 0x0000023e7eb47700 54420       2       com.android.tools.r8.internal.bn::a (47 bytes)
Event: 390.346 Thread 0x0000023e7eb47700 nmethod 54420 0x0000023e01d84210 code [0x0000023e01d84420, 0x0000023e01d846f0]
Event: 390.346 Thread 0x0000023e7eb47700 54512       2       com.android.tools.r8.internal.z51::F (241 bytes)
Event: 390.348 Thread 0x0000023e7eb47700 nmethod 54512 0x0000023e03a53010 code [0x0000023e03a53320, 0x0000023e03a53c20]
Event: 390.348 Thread 0x0000023e7eb47700 54507       2       com.android.tools.r8.internal.ai4::a (164 bytes)
Event: 390.349 Thread 0x0000023e7eb47700 nmethod 54507 0x0000023e040ce610 code [0x0000023e040ce840, 0x0000023e040cef68]
Event: 390.349 Thread 0x0000023e7eb47700 54508       2       com.android.tools.r8.internal.y61::z2 (85 bytes)
Event: 390.349 Thread 0x0000023e7eb47700 nmethod 54508 0x0000023e040ce190 code [0x0000023e040ce340, 0x0000023e040ce500]
Event: 390.349 Thread 0x0000023e7eb47700 54509       2       com.android.tools.r8.graph.ub::a (157 bytes)
Event: 390.350 Thread 0x0000023e7eb40910 nmethod 54104 0x0000023e12136390 code [0x0000023e121365a0, 0x0000023e12136a88]
Event: 390.351 Thread 0x0000023e7eb40910 54105       4       com.android.tools.r8.internal.al$$Lambda/0x0000023e2d1eeab0::apply (12 bytes)
Event: 390.352 Thread 0x0000023e7eb40910 nmethod 54105 0x0000023e12135f90 code [0x0000023e12136120, 0x0000023e12136258]
Event: 390.352 Thread 0x0000023e7eb40910 54490       4       com.android.tools.r8.internal.zc::x (34 bytes)
Event: 390.352 Thread 0x0000023e7eb47700 nmethod 54509 0x0000023e0102af90 code [0x0000023e0102b2e0, 0x0000023e0102c210]
Event: 390.352 Thread 0x0000023e7eb47700 54517       2       com.android.tools.r8.graph.k$$Lambda/0x0000023e2d171128::apply (12 bytes)
Event: 390.353 Thread 0x0000023e7eb47700 nmethod 54517 0x0000023e040cdc90 code [0x0000023e040cde40, 0x0000023e040cdff8]
Event: 390.353 Thread 0x0000023e7eb47700 54516       2       com.android.tools.r8.graph.i7::a (44 bytes)
Event: 390.353 Thread 0x0000023e7eb47700 nmethod 54516 0x0000023e03e7dc10 code [0x0000023e03e7ddc0, 0x0000023e03e7df08]
Event: 390.353 Thread 0x0000023e7eb47700 54513       2       com.android.tools.r8.shaking.k0$$Lambda/0x0000023e2d20c408::<init> (32 bytes)
Event: 390.354 Thread 0x0000023e7eb40910 nmethod 54490 0x0000023e12135b90 code [0x0000023e12135d20, 0x0000023e12135e38]

GC Heap History (20 events):
Event: 215.490 GC heap after
{Heap after GC invocations=105 (full 0):
 garbage-first heap   total 1187840K, used 405181K [0x0000000600000000, 0x0000000800000000)
  region size 4096K, 16 young (65536K), 16 survivors (65536K)
 Metaspace       used 239289K, committed 242560K, reserved 1310720K
  class space    used 29326K, committed 30976K, reserved 1048576K
}
Event: 338.364 GC heap before
{Heap before GC invocations=105 (full 0):
 garbage-first heap   total 1187840K, used 1048253K [0x0000000600000000, 0x0000000800000000)
  region size 4096K, 174 young (712704K), 16 survivors (65536K)
 Metaspace       used 245648K, committed 248960K, reserved 1310720K
  class space    used 29846K, committed 31488K, reserved 1048576K
}
Event: 338.989 GC heap after
{Heap after GC invocations=106 (full 0):
 garbage-first heap   total 1187840K, used 413913K [0x0000000600000000, 0x0000000800000000)
  region size 4096K, 13 young (53248K), 13 survivors (53248K)
 Metaspace       used 245648K, committed 248960K, reserved 1310720K
  class space    used 29846K, committed 31488K, reserved 1048576K
}
Event: 339.005 GC heap before
{Heap before GC invocations=106 (full 0):
 garbage-first heap   total 1187840K, used 418009K [0x0000000600000000, 0x0000000800000000)
  region size 4096K, 14 young (57344K), 13 survivors (53248K)
 Metaspace       used 245649K, committed 248960K, reserved 1310720K
  class space    used 29846K, committed 31488K, reserved 1048576K
}
Event: 339.146 GC heap after
{Heap after GC invocations=107 (full 0):
 garbage-first heap   total 1187840K, used 409600K [0x0000000600000000, 0x0000000800000000)
  region size 4096K, 2 young (8192K), 2 survivors (8192K)
 Metaspace       used 245649K, committed 248960K, reserved 1310720K
  class space    used 29846K, committed 31488K, reserved 1048576K
}
Event: 349.775 GC heap before
{Heap before GC invocations=108 (full 0):
 garbage-first heap   total 1187840K, used 581632K [0x0000000600000000, 0x0000000800000000)
  region size 4096K, 45 young (184320K), 2 survivors (8192K)
 Metaspace       used 247313K, committed 250688K, reserved 1310720K
  class space    used 30090K, committed 31744K, reserved 1048576K
}
Event: 349.826 GC heap after
{Heap after GC invocations=109 (full 0):
 garbage-first heap   total 1187840K, used 411356K [0x0000000600000000, 0x0000000800000000)
  region size 4096K, 3 young (12288K), 3 survivors (12288K)
 Metaspace       used 247313K, committed 250688K, reserved 1310720K
  class space    used 30090K, committed 31744K, reserved 1048576K
}
Event: 360.504 GC heap before
{Heap before GC invocations=109 (full 0):
 garbage-first heap   total 1187840K, used 964316K [0x0000000600000000, 0x0000000800000000)
  region size 4096K, 139 young (569344K), 3 survivors (12288K)
 Metaspace       used 251553K, committed 254976K, reserved 1310720K
  class space    used 30599K, committed 32320K, reserved 1048576K
}
Event: 360.608 GC heap after
{Heap after GC invocations=110 (full 0):
 garbage-first heap   total 1187840K, used 414884K [0x0000000600000000, 0x0000000800000000)
  region size 4096K, 5 young (20480K), 5 survivors (20480K)
 Metaspace       used 251553K, committed 254976K, reserved 1310720K
  class space    used 30599K, committed 32320K, reserved 1048576K
}
Event: 376.686 GC heap before
{Heap before GC invocations=110 (full 0):
 garbage-first heap   total 1187840K, used 701604K [0x0000000600000000, 0x0000000800000000)
  region size 4096K, 76 young (311296K), 5 survivors (20480K)
 Metaspace       used 252388K, committed 255744K, reserved 1310720K
  class space    used 30705K, committed 32384K, reserved 1048576K
}
Event: 376.728 GC heap after
{Heap after GC invocations=111 (full 0):
 garbage-first heap   total 1187840K, used 410788K [0x0000000600000000, 0x0000000800000000)
  region size 4096K, 4 young (16384K), 4 survivors (16384K)
 Metaspace       used 252388K, committed 255744K, reserved 1310720K
  class space    used 30705K, committed 32384K, reserved 1048576K
}
Event: 382.968 GC heap before
{Heap before GC invocations=112 (full 0):
 garbage-first heap   total 1187840K, used 824484K [0x0000000600000000, 0x0000000800000000)
  region size 4096K, 106 young (434176K), 4 survivors (16384K)
 Metaspace       used 256203K, committed 259584K, reserved 1310720K
  class space    used 31368K, committed 33088K, reserved 1048576K
}
Event: 383.207 GC heap after
{Heap after GC invocations=113 (full 0):
 garbage-first heap   total 1187840K, used 507327K [0x0000000600000000, 0x0000000800000000)
  region size 4096K, 14 young (57344K), 14 survivors (57344K)
 Metaspace       used 256203K, committed 259584K, reserved 1310720K
  class space    used 31368K, committed 33088K, reserved 1048576K
}
Event: 383.215 GC heap before
{Heap before GC invocations=113 (full 0):
 garbage-first heap   total 1187840K, used 511423K [0x0000000600000000, 0x0000000800000000)
  region size 4096K, 15 young (61440K), 14 survivors (57344K)
 Metaspace       used 256203K, committed 259584K, reserved 1310720K
  class space    used 31368K, committed 33088K, reserved 1048576K
}
Event: 383.371 GC heap after
{Heap after GC invocations=114 (full 0):
 garbage-first heap   total 1187840K, used 520192K [0x0000000600000000, 0x0000000800000000)
  region size 4096K, 2 young (8192K), 2 survivors (8192K)
 Metaspace       used 256203K, committed 259584K, reserved 1310720K
  class space    used 31368K, committed 33088K, reserved 1048576K
}
Event: 386.576 GC heap before
{Heap before GC invocations=114 (full 0):
 garbage-first heap   total 1187840K, used 1011712K [0x0000000600000000, 0x0000000800000000)
  region size 4096K, 123 young (503808K), 2 survivors (8192K)
 Metaspace       used 261259K, committed 264640K, reserved 1310720K
  class space    used 32101K, committed 33792K, reserved 1048576K
}
Event: 386.717 GC heap after
{Heap after GC invocations=115 (full 0):
 garbage-first heap   total 1187840K, used 611584K [0x0000000600000000, 0x0000000800000000)
  region size 4096K, 16 young (65536K), 16 survivors (65536K)
 Metaspace       used 261259K, committed 264640K, reserved 1310720K
  class space    used 32101K, committed 33792K, reserved 1048576K
}
Event: 388.684 GC heap before
{Heap before GC invocations=115 (full 0):
 garbage-first heap   total 1187840K, used 771328K [0x0000000600000000, 0x0000000800000000)
  region size 4096K, 50 young (204800K), 16 survivors (65536K)
 Metaspace       used 265946K, committed 269312K, reserved 1310720K
  class space    used 32740K, committed 34432K, reserved 1048576K
}
Event: 388.778 GC heap after
{Heap after GC invocations=116 (full 0):
 garbage-first heap   total 1187840K, used 633066K [0x0000000600000000, 0x0000000800000000)
  region size 4096K, 3 young (12288K), 3 survivors (12288K)
 Metaspace       used 265946K, committed 269312K, reserved 1310720K
  class space    used 32740K, committed 34432K, reserved 1048576K
}
Event: 390.354 GC heap before
{Heap before GC invocations=116 (full 0):
 garbage-first heap   total 1187840K, used 1022186K [0x0000000600000000, 0x0000000800000000)
  region size 4096K, 98 young (401408K), 3 survivors (12288K)
 Metaspace       used 270374K, committed 273792K, reserved 1310720K
  class space    used 33437K, committed 35136K, reserved 1048576K
}

Dll operation events (16 events):
Event: 0.146 Loaded shared library C:\Program Files\Java\jdk-21.0.11\bin\java.dll
Event: 0.184 Loaded shared library C:\Program Files\Java\jdk-21.0.11\bin\jsvml.dll
Event: 0.232 Loaded shared library C:\Program Files\Java\jdk-21.0.11\bin\zip.dll
Event: 0.239 Loaded shared library C:\Program Files\Java\jdk-21.0.11\bin\instrument.dll
Event: 0.246 Loaded shared library C:\Program Files\Java\jdk-21.0.11\bin\net.dll
Event: 0.249 Loaded shared library C:\Program Files\Java\jdk-21.0.11\bin\nio.dll
Event: 0.253 Loaded shared library C:\Program Files\Java\jdk-21.0.11\bin\zip.dll
Event: 0.619 Loaded shared library C:\Program Files\Java\jdk-21.0.11\bin\jimage.dll
Event: 0.939 Loaded shared library C:\Program Files\Java\jdk-21.0.11\bin\verify.dll
Event: 0.981 Loaded shared library C:\Users\rohit\.gradle\native\1def1411415f61bf3af743bc5b6707747c0891f09f0c88961ee8f79bc544acac\windows-amd64\native-platform.dll
Event: 1.040 Loaded shared library C:\Users\rohit\.gradle\native\0.2.8\x86_64-windows-gnu\gradle-fileevents.dll
Event: 2.745 Loaded shared library C:\Program Files\Java\jdk-21.0.11\bin\management.dll
Event: 2.747 Loaded shared library C:\Program Files\Java\jdk-21.0.11\bin\management_ext.dll
Event: 2.911 Loaded shared library C:\Program Files\Java\jdk-21.0.11\bin\extnet.dll
Event: 3.183 Loaded shared library C:\Program Files\Java\jdk-21.0.11\bin\sunmscapi.dll
Event: 138.960 Loaded shared library C:\Program Files\Java\jdk-21.0.11\bin\rmi.dll

Deoptimization events (20 events):
Event: 390.256 Thread 0x0000023e955ab4f0 DEOPT PACKING pc=0x0000023e108f7244 sp=0x000000b4b96feb40
Event: 390.256 Thread 0x0000023e955ab4f0 DEOPT UNPACKING pc=0x0000023e0fd846a2 sp=0x000000b4b96fead8 mode 2
Event: 390.256 Thread 0x0000023e83f95ad0 DEOPT PACKING pc=0x0000023e108f720c sp=0x000000b4b9afe730
Event: 390.256 Thread 0x0000023e83f95ad0 DEOPT UNPACKING pc=0x0000023e0fd846a2 sp=0x000000b4b9afe6c0 mode 2
Event: 390.260 Thread 0x0000023e83f95ad0 Uncommon trap: trap_request=0xffffff45 fr.pc=0x0000023e11998e00 relative=0x00000000000000e0
Event: 390.260 Thread 0x0000023e83f95ad0 Uncommon trap: reason=unstable_if action=reinterpret pc=0x0000023e11998e00 method=com.android.tools.r8.internal.ni4.a(C)Lcom/android/tools/r8/internal/ni4; @ 1 c2
Event: 390.260 Thread 0x0000023e83f95ad0 DEOPT PACKING pc=0x0000023e11998e00 sp=0x000000b4b9afe230
Event: 390.260 Thread 0x0000023e83f95ad0 DEOPT UNPACKING pc=0x0000023e0fd846a2 sp=0x000000b4b9afe0f8 mode 2
Event: 390.261 Thread 0x0000023e83f95ad0 Uncommon trap: trap_request=0xffffff45 fr.pc=0x0000023e11998aac relative=0x000000000000008c
Event: 390.261 Thread 0x0000023e83f95ad0 Uncommon trap: reason=unstable_if action=reinterpret pc=0x0000023e11998aac method=com.android.tools.r8.internal.ni4.a(C)Lcom/android/tools/r8/internal/ni4; @ 1 c2
Event: 390.261 Thread 0x0000023e83f95ad0 DEOPT PACKING pc=0x0000023e11998aac sp=0x000000b4b9afe230
Event: 390.261 Thread 0x0000023e83f95ad0 DEOPT UNPACKING pc=0x0000023e0fd846a2 sp=0x000000b4b9afe1c8 mode 2
Event: 390.273 Thread 0x0000023eaadece60 Uncommon trap: trap_request=0xffffff45 fr.pc=0x0000023e109b5c50 relative=0x0000000000001550
Event: 390.273 Thread 0x0000023eaadece60 Uncommon trap: reason=unstable_if action=reinterpret pc=0x0000023e109b5c50 method=com.android.tools.r8.internal.oe1.a(ILjava/lang/Object;)Ljava/lang/Object; @ 476 c2
Event: 390.273 Thread 0x0000023eaadece60 DEOPT PACKING pc=0x0000023e109b5c50 sp=0x000000b4b98fe420
Event: 390.273 Thread 0x0000023eaadece60 DEOPT UNPACKING pc=0x0000023e0fd846a2 sp=0x000000b4b98fe3d8 mode 2
Event: 390.280 Thread 0x0000023e83f95ad0 Uncommon trap: trap_request=0xffffffde fr.pc=0x0000023e122b3524 relative=0x00000000000003a4
Event: 390.280 Thread 0x0000023e83f95ad0 Uncommon trap: reason=class_check action=maybe_recompile pc=0x0000023e122b3524 method=com.android.tools.r8.internal.bl.a(ILcom/android/tools/r8/internal/e01;Lcom/android/tools/r8/internal/oe1;)V @ 140 c2
Event: 390.280 Thread 0x0000023e83f95ad0 DEOPT PACKING pc=0x0000023e122b3524 sp=0x000000b4b9afe5f0
Event: 390.281 Thread 0x0000023e83f95ad0 DEOPT UNPACKING pc=0x0000023e0fd846a2 sp=0x000000b4b9afe570 mode 2

Classes loaded (20 events):
Event: 359.803 Loading class java/util/TreeMap$AscendingSubMap
Event: 359.804 Loading class java/util/TreeMap$AscendingSubMap done
Event: 359.805 Loading class java/util/TreeMap$NavigableSubMap$SubMapKeyIterator
Event: 359.806 Loading class java/util/TreeMap$NavigableSubMap$SubMapKeyIterator done
Event: 374.360 Loading class jdk/internal/reflect/MethodHandleByteFieldAccessorImpl
Event: 374.362 Loading class jdk/internal/reflect/MethodHandleByteFieldAccessorImpl done
Event: 377.380 Loading class java/util/zip/ZipOutputStream
Event: 377.383 Loading class java/util/zip/ZipOutputStream done
Event: 378.585 Loading class java/util/concurrent/ForkJoinTask$AdaptedCallable
Event: 378.587 Loading class java/util/concurrent/ForkJoinTask$AdaptedCallable done
Event: 384.561 Loading class java/util/IdentityHashMap$EntrySet
Event: 384.567 Loading class java/util/IdentityHashMap$EntrySet done
Event: 387.416 Loading class javax/xml/stream/FactoryFinder
Event: 387.418 Loading class javax/xml/stream/FactoryFinder done
Event: 387.420 Loading class javax/xml/stream/FactoryFinder$1
Event: 387.422 Loading class javax/xml/stream/FactoryFinder$1 done
Event: 388.147 Loading class java/util/IdentityHashMap$ValueIterator
Event: 388.147 Loading class java/util/IdentityHashMap$ValueIterator done
Event: 389.315 Loading class java/util/ArrayDeque$DescendingIterator
Event: 389.323 Loading class java/util/ArrayDeque$DescendingIterator done

Classes unloaded (20 events):
Event: 378.727 Thread 0x0000023e7eb141b0 Unloading class 0x0000023e2cdbd530 'jdk/internal/jimage/ImageHeader'
Event: 378.727 Thread 0x0000023e7eb141b0 Unloading class 0x0000023e2cdbd308 'jdk/internal/jimage/BasicImageReader$2'
Event: 378.727 Thread 0x0000023e7eb141b0 Unloading class 0x0000023e2cdbd0e0 'jdk/internal/jimage/BasicImageReader$1'
Event: 378.727 Thread 0x0000023e7eb141b0 Unloading class 0x0000023e2cdbce80 'jdk/internal/jimage/ImageReader$Resource'
Event: 378.727 Thread 0x0000023e7eb141b0 Unloading class 0x0000023e2cdbcc20 'jdk/internal/jimage/ImageReader$LinkNode'
Event: 378.727 Thread 0x0000023e7eb141b0 Unloading class 0x0000023e2cdbc9c0 'jdk/internal/jimage/ImageReader$Directory'
Event: 378.727 Thread 0x0000023e7eb141b0 Unloading class 0x0000023e2cdbc760 'jdk/internal/jimage/ImageReader$Node'
Event: 378.727 Thread 0x0000023e7eb141b0 Unloading class 0x0000023e2cdbc570 'jdk/internal/jimage/ImageStrings'
Event: 378.728 Thread 0x0000023e7eb141b0 Unloading class 0x0000023e2cdbc2b8 'jdk/internal/jimage/ImageReader$SharedImageReader'
Event: 378.728 Thread 0x0000023e7eb141b0 Unloading class 0x0000023e2cdbc000 'jdk/internal/jimage/BasicImageReader'
Event: 378.728 Thread 0x0000023e7eb141b0 Unloading class 0x0000023e2cdbbcf0 'jdk/internal/jimage/ImageReader'
Event: 378.728 Thread 0x0000023e7eb141b0 Unloading class 0x0000023e2cdbbad0 'jdk/internal/jrtfs/SystemImage$2'
Event: 378.728 Thread 0x0000023e7eb141b0 Unloading class 0x0000023e2cdbb8c0 'jdk/internal/jrtfs/SystemImage$$Lambda+0x0000023e2cdbb8c0'
Event: 378.728 Thread 0x0000023e7eb141b0 Unloading class 0x0000023e2cdbb698 'jdk/internal/jrtfs/ExplodedImage'
Event: 378.728 Thread 0x0000023e7eb141b0 Unloading class 0x0000023e2cdbb468 'jdk/internal/jrtfs/SystemImage$1'
Event: 378.728 Thread 0x0000023e7eb141b0 Unloading class 0x0000023e2cdbb258 'jdk/internal/jrtfs/SystemImage'
Event: 378.728 Thread 0x0000023e7eb141b0 Unloading class 0x0000023e2cdbb000 'jdk/internal/jrtfs/JrtFileStore'
Event: 378.728 Thread 0x0000023e7eb141b0 Unloading class 0x0000023e2cdb9c00 'jdk/internal/jrtfs/JrtPath'
Event: 378.728 Thread 0x0000023e7eb141b0 Unloading class 0x0000023e2cdb3c00 'jdk/internal/jrtfs/JrtFileSystem'
Event: 378.728 Thread 0x0000023e7eb141b0 Unloading class 0x0000023e2cdb1c00 'jdk/internal/jrtfs/JrtFileSystemProvider'

Classes redefined (0 events):
No events

Internal exceptions (20 events):
Event: 385.838 Thread 0x0000023ea8c21ae0 Exception <a 'java/lang/NoSuchMethodError'{0x00000006321071b0}: 'int java.lang.invoke.DirectMethodHandle$Holder.invokeSpecial(java.lang.Object, java.lang.Object, java.lang.Object, java.lang.Object, java.lang.Object, java.lang.Object)'> (0x00000006321071b0) 
thrown [s\open\src\hotspot\share\interpreter\linkResolver.cpp, line 773]
Event: 386.012 Thread 0x0000023ea8c21ae0 Exception <a 'java/lang/NoSuchMethodError'{0x0000000631e264d0}: 'java.lang.Object java.lang.invoke.DirectMethodHandle$Holder.newInvokeSpecial(java.lang.Object, java.lang.Object, java.lang.Object, int, java.lang.Object, java.lang.Object, java.lang.Object, java.lang.Object)'> (0x0000000631e264d0) 
thrown [s\open\src\hotspot\share\interpreter\linkResolver.cpp, line 773]
Event: 386.015 Thread 0x0000023ea8c21ae0 Exception <a 'java/lang/NoSuchMethodError'{0x0000000631e2ad40}: 'java.lang.Object java.lang.invoke.DirectMethodHandle$Holder.invokeSpecial(java.lang.Object, java.lang.Object, java.lang.Object, java.lang.Object, int, java.lang.Object, java.lang.Object, java.lang.Object, java.lang.Object)'> (0x0000000631e2ad40) 
thrown [s\open\src\hotspot\share\interpreter\linkResolver.cpp, line 773]
Event: 386.016 Thread 0x0000023ea8c21ae0 Exception <a 'java/lang/NoSuchMethodError'{0x0000000631e2e7e0}: 'java.lang.Object java.lang.invoke.Invokers$Holder.linkToTargetMethod(java.lang.Object, java.lang.Object, int, java.lang.Object, java.lang.Object, java.lang.Object, java.lang.Object, java.lang.Object)'> (0x0000000631e2e7e0) 
thrown [s\open\src\hotspot\share\interpreter\linkResolver.cpp, line 773]
Event: 386.024 Thread 0x0000023e955ab4f0 Implicit null exception at 0x0000023e10b526a6 to 0x0000023e10b53078
Event: 386.344 Thread 0x0000023e83f95ad0 Exception <a 'java/lang/NoSuchMethodError'{0x000000062de8e0f0}: 'void java.lang.invoke.DirectMethodHandle$Holder.invokeSpecial(java.lang.Object, java.lang.Object, java.lang.Object, java.lang.Object, java.lang.Object, java.lang.Object, java.lang.Object, java.lang.Object, java.lang.Object, java.lang.Object)'> (0x000000062de8e0f0) 
thrown [s\open\src\hotspot\share\interpreter\linkResolver.cpp, line 773]
Event: 386.344 Thread 0x0000023eaadece60 Exception <a 'java/lang/NoSuchMethodError'{0x000000062de73268}: 'void java.lang.invoke.DirectMethodHandle$Holder.invokeSpecial(java.lang.Object, java.lang.Object, java.lang.Object, java.lang.Object, java.lang.Object, java.lang.Object, java.lang.Object, java.lang.Object, java.lang.Object, java.lang.Object)'> (0x000000062de73268) 
thrown [s\open\src\hotspot\share\interpreter\linkResolver.cpp, line 773]
Event: 387.302 Thread 0x0000023ea8c21ae0 Exception <a 'java/lang/NoSuchMethodError'{0x00000007fd409aa0}: 'void java.lang.invoke.DirectMethodHandle$Holder.invokeSpecial(java.lang.Object, java.lang.Object, java.lang.Object, java.lang.Object, int)'> (0x00000007fd409aa0) 
thrown [s\open\src\hotspot\share\interpreter\linkResolver.cpp, line 773]
Event: 387.306 Thread 0x0000023ea8c21ae0 Exception <a 'java/lang/NoSuchMethodError'{0x00000007fd418638}: 'void java.lang.invoke.DirectMethodHandle$Holder.invokeStatic(java.lang.Object, java.lang.Object, int)'> (0x00000007fd418638) 
thrown [s\open\src\hotspot\share\interpreter\linkResolver.cpp, line 773]
Event: 387.381 Thread 0x0000023ea8c21ae0 Exception <a 'java/lang/NoSuchMethodError'{0x00000007fd7d3a20}: 'java.lang.Object java.lang.invoke.DirectMethodHandle$Holder.invokeStatic(java.lang.Object, java.lang.Object, java.lang.Object, java.lang.Object, java.lang.Object, int)'> (0x00000007fd7d3a20) 
thrown [s\open\src\hotspot\share\interpreter\linkResolver.cpp, line 773]
Event: 388.198 Thread 0x0000023ea8c21ae0 Implicit null exception at 0x0000023e10521eec to 0x0000023e10522afc
Event: 388.450 Thread 0x0000023e955a0f60 Implicit null exception at 0x0000023e11f4bc9b to 0x0000023e11f4e7a4
Event: 388.450 Thread 0x0000023eaadebab0 Implicit null exception at 0x0000023e11f4bc9b to 0x0000023e11f4e7a4
Event: 388.450 Thread 0x0000023e9459a440 Implicit null exception at 0x0000023e11f4bc9b to 0x0000023e11f4e7a4
Event: 388.450 Thread 0x0000023e83f92ce0 Implicit null exception at 0x0000023e11f4bc9b to 0x0000023e11f4e7a4
Event: 389.098 Thread 0x0000023e813cbc70 Exception <a 'sun/nio/fs/WindowsException'{0x000000063d5fabf8}> (0x000000063d5fabf8) 
thrown [s\open\src\hotspot\share\prims\jni.cpp, line 520]
Event: 389.223 Thread 0x0000023e83f95ad0 Exception <a 'java/lang/NoSuchMethodError'{0x0000000637fb6540}: 'java.lang.Object java.lang.invoke.DirectMethodHandle$Holder.invokeInterface(java.lang.Object, java.lang.Object, int)'> (0x0000000637fb6540) 
thrown [s\open\src\hotspot\share\interpreter\linkResolver.cpp, line 773]
Event: 389.355 Thread 0x0000023ea8c21ae0 Exception <a 'java/lang/NoSuchMethodError'{0x00000006372955d8}: 'java.lang.Object java.lang.invoke.DirectMethodHandle$Holder.invokeStatic(java.lang.Object, java.lang.Object, int, java.lang.Object, java.lang.Object, java.lang.Object, java.lang.Object)'> (0x00000006372955d8) 
thrown [s\open\src\hotspot\share\interpreter\linkResolver.cpp, line 773]
Event: 389.357 Thread 0x0000023e83f92ce0 Exception <a 'java/lang/NoSuchMethodError'{0x00000006371a0588}: 'java.lang.Object java.lang.invoke.DirectMethodHandle$Holder.invokeStatic(java.lang.Object, java.lang.Object, int, java.lang.Object, java.lang.Object, java.lang.Object, java.lang.Object)'> (0x00000006371a0588) 
thrown [s\open\src\hotspot\share\interpreter\linkResolver.cpp, line 773]
Event: 390.165 Thread 0x0000023e813cbc70 Exception <a 'sun/nio/fs/WindowsException'{0x00000006339d30c8}> (0x00000006339d30c8) 
thrown [s\open\src\hotspot\share\prims\jni.cpp, line 520]

ZGC Phase Switch (0 events):
No events

VM Operations (20 events):
Event: 389.415 Executing VM operation: HandshakeAllThreads (Deoptimize) done
Event: 389.434 Executing VM operation: ICBufferFull
Event: 389.437 Executing VM operation: ICBufferFull done
Event: 389.605 Executing VM operation: ICBufferFull
Event: 389.606 Executing VM operation: ICBufferFull done
Event: 389.733 Executing VM operation: ICBufferFull
Event: 389.734 Executing VM operation: ICBufferFull done
Event: 389.734 Executing VM operation: ICBufferFull
Event: 389.736 Executing VM operation: ICBufferFull done
Event: 389.956 Executing VM operation: ICBufferFull
Event: 389.958 Executing VM operation: ICBufferFull done
Event: 390.129 Executing VM operation: ICBufferFull
Event: 390.133 Executing VM operation: ICBufferFull done
Event: 390.269 Executing VM operation: ICBufferFull
Event: 390.269 Executing VM operation: ICBufferFull done
Event: 390.290 Executing VM operation: HandshakeAllThreads (Deoptimize)
Event: 390.291 Executing VM operation: HandshakeAllThreads (Deoptimize) done
Event: 390.303 Executing VM operation: HandshakeAllThreads (Deoptimize)
Event: 390.303 Executing VM operation: HandshakeAllThreads (Deoptimize) done
Event: 390.354 Executing VM operation: G1CollectForAllocation (G1 Evacuation Pause)

Events (20 events):
Event: 379.758 Thread 0x0000023e7eb141b0 flushing nmethod 0x0000023e054cbc90
Event: 379.758 Thread 0x0000023e7eb141b0 flushing nmethod 0x0000023e054d5210
Event: 379.758 Thread 0x0000023e7eb141b0 flushing nmethod 0x0000023e0558f510
Event: 379.758 Thread 0x0000023e7eb141b0 flushing nmethod 0x0000023e05590590
Event: 379.758 Thread 0x0000023e7eb141b0 flushing nmethod 0x0000023e05590d10
Event: 379.758 Thread 0x0000023e7eb141b0 flushing nmethod 0x0000023e05591790
Event: 379.758 Thread 0x0000023e7eb141b0 flushing nmethod 0x0000023e05592590
Event: 380.139 Thread 0x0000023eab167ec0 Thread added: 0x0000023eab167ec0
Event: 385.145 Thread 0x0000023eab167ec0 Thread exited: 0x0000023eab167ec0
Event: 385.349 Thread 0x0000023eab168c60 Thread added: 0x0000023eab168c60
Event: 386.140 Thread 0x0000023e955f1b20 Thread exited: 0x0000023e955f1b20
Event: 386.155 Thread 0x0000023eab6e6e20 Thread exited: 0x0000023eab6e6e20
Event: 386.226 Thread 0x0000023ea8ad4c30 Thread exited: 0x0000023ea8ad4c30
Event: 386.268 Thread 0x0000023eab6e74b0 Thread exited: 0x0000023eab6e74b0
Event: 386.270 Thread 0x0000023eab6e6790 Thread exited: 0x0000023eab6e6790
Event: 386.308 Thread 0x0000023e83f93370 Thread exited: 0x0000023e83f93370
Event: 386.342 Thread 0x0000023e955ef480 Thread exited: 0x0000023e955ef480
Event: 386.384 Thread 0x0000023eab6e7b40 Thread exited: 0x0000023eab6e7b40
Event: 387.529 Thread 0x0000023eab168c60 Thread exited: 0x0000023eab168c60
Event: 388.019 Thread 0x0000023eab166380 Thread added: 0x0000023eab166380


Dynamic libraries:
0x00007ff76dcd0000 - 0x00007ff76dce0000 	C:\Program Files\Java\jdk-21.0.11\bin\java.exe
0x00007ffc3eac0000 - 0x00007ffc3ed26000 	C:\windows\SYSTEM32\ntdll.dll
0x00007ffc3d1c0000 - 0x00007ffc3d289000 	C:\windows\System32\KERNEL32.DLL
0x00007ffc3c140000 - 0x00007ffc3c53e000 	C:\windows\System32\KERNELBASE.dll
0x00007ffc3bfe0000 - 0x00007ffc3c12c000 	C:\windows\System32\ucrtbase.dll
0x00007ffc2b540000 - 0x00007ffc2b55e000 	C:\Program Files\Java\jdk-21.0.11\bin\VCRUNTIME140.dll
0x00007ffc002a0000 - 0x00007ffc002b9000 	C:\Program Files\Java\jdk-21.0.11\bin\jli.dll
0x00007ffc3d090000 - 0x00007ffc3d147000 	C:\windows\System32\ADVAPI32.dll
0x00007ffc3c8d0000 - 0x00007ffc3c979000 	C:\windows\System32\msvcrt.dll
0x00007ffc3dff0000 - 0x00007ffc3e09a000 	C:\windows\System32\sechost.dll
0x00007ffc3d290000 - 0x00007ffc3d3a8000 	C:\windows\System32\RPCRT4.dll
0x00007ffc3e290000 - 0x00007ffc3e457000 	C:\windows\System32\USER32.dll
0x00007ffc3bda0000 - 0x00007ffc3bdc7000 	C:\windows\System32\win32u.dll
0x00007ffc3c810000 - 0x00007ffc3c83b000 	C:\windows\System32\GDI32.dll
0x00007ffc3c600000 - 0x00007ffc3c72a000 	C:\windows\System32\gdi32full.dll
0x00007ffc149e0000 - 0x00007ffc14c72000 	C:\windows\WinSxS\amd64_microsoft.windows.common-controls_6595b64144ccf1df_6.0.26100.8894_none_3e0f749ee32e02ea\COMCTL32.dll
0x00007ffc3c550000 - 0x00007ffc3c5f3000 	C:\windows\System32\msvcp_win.dll
0x00007ffc2cdc0000 - 0x00007ffc2cdcb000 	C:\windows\SYSTEM32\VERSION.dll
0x00007ffc3dde0000 - 0x00007ffc3de12000 	C:\windows\System32\IMM32.DLL
0x00007ffc2b520000 - 0x00007ffc2b52c000 	C:\Program Files\Java\jdk-21.0.11\bin\vcruntime140_1.dll
0x00007ffbd9790000 - 0x00007ffbd981d000 	C:\Program Files\Java\jdk-21.0.11\bin\msvcp140.dll
0x00007ffb61e70000 - 0x00007ffb62b98000 	C:\Program Files\Java\jdk-21.0.11\bin\server\jvm.dll
0x00007ffc3e960000 - 0x00007ffc3e9e0000 	C:\windows\System32\WS2_32.dll
0x00007ffc3bb40000 - 0x00007ffc3bb9e000 	C:\windows\SYSTEM32\POWRPROF.dll
0x00007ffc2f6f0000 - 0x00007ffc2f726000 	C:\windows\SYSTEM32\WINMM.dll
0x00007ffc3bb20000 - 0x00007ffc3bb34000 	C:\windows\SYSTEM32\UMPDC.dll
0x00007ffc3a9c0000 - 0x00007ffc3a9db000 	C:\windows\SYSTEM32\kernel.appcore.dll
0x00007ffc16010000 - 0x00007ffc1601a000 	C:\Program Files\Java\jdk-21.0.11\bin\jimage.dll
0x00007ffc284c0000 - 0x00007ffc28702000 	C:\windows\SYSTEM32\DBGHELP.DLL
0x00007ffc3e460000 - 0x00007ffc3e7e3000 	C:\windows\System32\combase.dll
0x00007ffc3c980000 - 0x00007ffc3ca59000 	C:\windows\System32\OLEAUT32.dll
0x00007ffc27b40000 - 0x00007ffc27b7b000 	C:\windows\SYSTEM32\dbgcore.DLL
0x00007ffc3c730000 - 0x00007ffc3c7dc000 	C:\windows\System32\bcryptPrimitives.dll
0x00007ffbffbc0000 - 0x00007ffbffbd0000 	C:\Program Files\Java\jdk-21.0.11\bin\instrument.dll
0x00007ffbfc7e0000 - 0x00007ffbfc801000 	C:\Program Files\Java\jdk-21.0.11\bin\java.dll
0x00007ffc3d640000 - 0x00007ffc3ddd2000 	C:\windows\System32\SHELL32.dll
0x00007ffc39780000 - 0x00007ffc3a012000 	C:\windows\SYSTEM32\windows.storage.dll
0x00007ffc3cef0000 - 0x00007ffc3cfe7000 	C:\windows\System32\SHCORE.dll
0x00007ffc3d150000 - 0x00007ffc3d1b7000 	C:\windows\System32\shlwapi.dll
0x00007ffc3bc00000 - 0x00007ffc3bc29000 	C:\windows\SYSTEM32\profapi.dll
0x00007ffbd6d90000 - 0x00007ffbd6e67000 	C:\Program Files\Java\jdk-21.0.11\bin\jsvml.dll
0x00007ffbfc7a0000 - 0x00007ffbfc7b8000 	C:\Program Files\Java\jdk-21.0.11\bin\zip.dll
0x00007ffbfff00000 - 0x00007ffbfff11000 	C:\Program Files\Java\jdk-21.0.11\bin\net.dll
0x00007ffc2f250000 - 0x00007ffc2f377000 	C:\windows\SYSTEM32\WINHTTP.dll
0x00007ffc3af70000 - 0x00007ffc3afdc000 	C:\windows\system32\mswsock.dll
0x00007ffbfc7c0000 - 0x00007ffbfc7d6000 	C:\Program Files\Java\jdk-21.0.11\bin\nio.dll
0x00007ffc15fe0000 - 0x00007ffc15ff0000 	C:\Program Files\Java\jdk-21.0.11\bin\verify.dll
0x00007ffbd9760000 - 0x00007ffbd9787000 	C:\Users\rohit\.gradle\native\1def1411415f61bf3af743bc5b6707747c0891f09f0c88961ee8f79bc544acac\windows-amd64\native-platform.dll
0x00007ffbd96e0000 - 0x00007ffbd9757000 	C:\Users\rohit\.gradle\native\0.2.8\x86_64-windows-gnu\gradle-fileevents.dll
0x00007ffc15ee0000 - 0x00007ffc15eea000 	C:\Program Files\Java\jdk-21.0.11\bin\management.dll
0x00007ffc00290000 - 0x00007ffc0029c000 	C:\Program Files\Java\jdk-21.0.11\bin\management_ext.dll
0x00007ffc3dfe0000 - 0x00007ffc3dfe8000 	C:\windows\System32\PSAPI.DLL
0x00007ffc3a2f0000 - 0x00007ffc3a323000 	C:\windows\SYSTEM32\IPHLPAPI.DLL
0x00007ffc3d080000 - 0x00007ffc3d08a000 	C:\windows\System32\NSI.dll
0x00007ffbffd20000 - 0x00007ffbffd29000 	C:\Program Files\Java\jdk-21.0.11\bin\extnet.dll
0x00007ffc3b290000 - 0x00007ffc3b2ab000 	C:\windows\SYSTEM32\CRYPTSP.dll
0x00007ffc3a920000 - 0x00007ffc3a959000 	C:\windows\system32\rsaenh.dll
0x00007ffc3b030000 - 0x00007ffc3b062000 	C:\windows\SYSTEM32\USERENV.dll
0x00007ffc3bbd0000 - 0x00007ffc3bbfa000 	C:\windows\SYSTEM32\bcrypt.dll
0x00007ffc3b270000 - 0x00007ffc3b27c000 	C:\windows\SYSTEM32\CRYPTBASE.dll
0x00007ffbfe890000 - 0x00007ffbfe89e000 	C:\Program Files\Java\jdk-21.0.11\bin\sunmscapi.dll
0x00007ffc3be60000 - 0x00007ffc3bfd8000 	C:\windows\System32\CRYPT32.dll
0x00007ffc3b4b0000 - 0x00007ffc3b4e0000 	C:\windows\SYSTEM32\ncrypt.dll
0x00007ffc3b460000 - 0x00007ffc3b49f000 	C:\windows\SYSTEM32\NTASN1.dll
0x00007ffc38a50000 - 0x00007ffc38a58000 	C:\windows\system32\wshunix.dll
0x00007ffc3a330000 - 0x00007ffc3a486000 	C:\windows\SYSTEM32\DNSAPI.dll
0x00007ffc3ad70000 - 0x00007ffc3ad7d000 	C:\windows\SYSTEM32\DSPARSE.dll
0x00007ffc2db60000 - 0x00007ffc2db6b000 	C:\Windows\System32\rasadhlp.dll
0x00007ffc351b0000 - 0x00007ffc35236000 	C:\windows\System32\fwpuclnt.dll
0x00007ffc3aaf0000 - 0x00007ffc3ab26000 	C:\windows\SYSTEM32\ntmarta.dll
0x00007ffc38b70000 - 0x00007ffc38c10000 	C:\windows\system32\apphelp.dll
0x00007ffbfe6c0000 - 0x00007ffbfe6c7000 	C:\Program Files\Java\jdk-21.0.11\bin\rmi.dll

dbghelp: loaded successfully - version: 4.0.5 - missing functions: none
symbol engine: initialized successfully - sym options: 0x614 - pdb path: .;C:\Program Files\Java\jdk-21.0.11\bin;C:\windows\SYSTEM32;C:\windows\WinSxS\amd64_microsoft.windows.common-controls_6595b64144ccf1df_6.0.26100.8894_none_3e0f749ee32e02ea;C:\Program Files\Java\jdk-21.0.11\bin\server;C:\Users\rohit\.gradle\native\1def1411415f61bf3af743bc5b6707747c0891f09f0c88961ee8f79bc544acac\windows-amd64;C:\Users\rohit\.gradle\native\0.2.8\x86_64-windows-gnu

VM Arguments:
jvm_args: --add-opens=java.base/java.lang=ALL-UNNAMED --add-opens=java.base/java.lang.invoke=ALL-UNNAMED --add-opens=java.base/java.util=ALL-UNNAMED --add-opens=java.prefs/java.util.prefs=ALL-UNNAMED --add-exports=jdk.compiler/com.sun.tools.javac.api=ALL-UNNAMED --add-exports=jdk.compiler/com.sun.tools.javac.util=ALL-UNNAMED --add-opens=java.base/java.util=ALL-UNNAMED --add-opens=java.prefs/java.util.prefs=ALL-UNNAMED --add-opens=java.base/java.nio.charset=ALL-UNNAMED --add-opens=java.base/java.net=ALL-UNNAMED --add-opens=java.base/java.util.concurrent=ALL-UNNAMED --add-opens=java.base/java.util.concurrent.atomic=ALL-UNNAMED --add-opens=java.xml/javax.xml.namespace=ALL-UNNAMED --add-opens=java.base/java.time=ALL-UNNAMED -XX:MaxMetaspaceSize=4G -XX:ReservedCodeCacheSize=512m -XX:+HeapDumpOnOutOfMemoryError -Xmx8G -Dfile.encoding=UTF-8 -Duser.country=IN -Duser.language=en -Duser.variant -javaagent:C:\Users\rohit\.gradle\wrapper\dists\gradle-9.1.0-all\7wzd0jkjit61aq2p43wpjgij9\gradle-9.1.0\lib\agents\gradle-instrumentation-agent-9.1.0.jar 
java_command: org.gradle.launcher.daemon.bootstrap.GradleDaemon 9.1.0
java_class_path (initial): C:\Users\rohit\.gradle\wrapper\dists\gradle-9.1.0-all\7wzd0jkjit61aq2p43wpjgij9\gradle-9.1.0\lib\gradle-daemon-main-9.1.0.jar
Launcher Type: SUN_STANDARD

[Global flags]
     intx CICompilerCount                          = 4                                         {product} {ergonomic}
     uint ConcGCThreads                            = 2                                         {product} {ergonomic}
     uint G1ConcRefinementThreads                  = 8                                         {product} {ergonomic}
   size_t G1HeapRegionSize                         = 4194304                                   {product} {ergonomic}
    uintx GCDrainStackTargetSize                   = 64                                        {product} {ergonomic}
     bool HeapDumpOnOutOfMemoryError               = true                                   {manageable} {command line}
   size_t InitialHeapSize                          = 121634816                                 {product} {ergonomic}
   size_t MarkStackSize                            = 4194304                                   {product} {ergonomic}
   size_t MaxHeapSize                              = 8589934592                                {product} {command line}
   size_t MaxMetaspaceSize                         = 4294967296                                {product} {command line}
   size_t MaxNewSize                               = 5150605312                                {product} {ergonomic}
   size_t MinHeapDeltaBytes                        = 4194304                                   {product} {ergonomic}
   size_t MinHeapSize                              = 8388608                                   {product} {ergonomic}
    uintx NonNMethodCodeHeapSize                   = 5839372                                {pd product} {ergonomic}
    uintx NonProfiledCodeHeapSize                  = 265515770                              {pd product} {ergonomic}
    uintx ProfiledCodeHeapSize                     = 265515770                              {pd product} {ergonomic}
    uintx ReservedCodeCacheSize                    = 536870912                              {pd product} {command line}
     bool SegmentedCodeCache                       = true                                      {product} {ergonomic}
   size_t SoftMaxHeapSize                          = 8589934592                             {manageable} {ergonomic}
     bool UseCompressedOops                        = true                           {product lp64_product} {ergonomic}
     bool UseG1GC                                  = true                                      {product} {ergonomic}
     bool UseLargePagesIndividualAllocation        = false                                  {pd product} {ergonomic}

Logging:
Log output configuration:
 #0: stdout all=warning uptime,level,tags foldmultilines=false
 #1: stderr all=off uptime,level,tags foldmultilines=false

Environment Variables:
CLASSPATH=C:\Users\rohit\OneDrive\Desktop\investingapp\bullwavecapital\android\\gradle\wrapper\gradle-wrapper.jar
PATH=C:\Program Files\Common Files\Oracle\Java\javapath;C:\Program Files\Common Files\Oracle\Java\javapath;C:\Python314\Scripts\;C:\Python314\;C:\windows\system32;C:\windows;C:\windows\System32\Wbem;C:\windows\System32\WindowsPowerShell\v1.0\;C:\windows\System32\OpenSSH\;C:\Program Files\nodejs\;C:\ProgramData\chocolatey\bin;C:\Program Files\Git\cmd;C:\Program Files\Docker\Docker\resources\bin;C:\Program Files\MySQL\MySQL Shell 8.0\bin\;C:\Program Files\Common Files\Oracle\Java\javapath;C:\Python314\Scripts\;C:\Python314\;C:\windows\system32;C:\windows;C:\windows\System32\Wbem;C:\windows\System32\WindowsPowerShell\v1.0\;C:\windows\System32\OpenSSH\;C:\Program Files\nodejs\;C:\ProgramData\chocolatey\bin;C:\Program Files\Git\cmd;C:\Users\rohit\AppData\Local\Programs\Python\Python310\Scripts\;C:\Users\rohit\AppData\Local\Programs\Python\Python310\;C:\Users\rohit\AppData\Local\Microsoft\WindowsApps;C:\Users\rohit\AppData\Local\Programs\Microsoft VS Code\bin;C:\Users\rohit\AppData\Roaming\npm;C:\Users\rohit\AppData\Local\Programs\Antigravity IDE\bin;C:\Users\rohit\AppData\Local\Programs\cursor\resources\app\bin;c:\Users\rohit\.vscode\extensions\ms-python.debugpy-2026.6.0-win32-x64\bundled\scripts\noConfigScripts;C:\src\flutter\bin;;C:\Users\rohit\AppData\Local\Programs\Ollama;C:\src\flutter\bin\mingit\cmd
USERNAME=Nikesh Pandey
OS=Windows_NT
PROCESSOR_IDENTIFIER=AMD64 Family 23 Model 160 Stepping 0, AuthenticAMD
TMP=C:\Users\rohit\AppData\Local\Temp
TEMP=C:\Users\rohit\AppData\Local\Temp




Periodic native trim disabled

---------------  S Y S T E M  ---------------

OS:
 Windows 11 , 64 bit Build 26100 (10.0.26100.8875)
OS uptime: 4 days 23:00 hours
Hyper-V role detected

CPU: total 8 (initial active 8) (8 cores per cpu, 2 threads per core) family 23 model 160 stepping 0 microcode 0x8a0000b, cx8, cmov, fxsr, ht, mmx, 3dnowpref, sse, sse2, sse3, ssse3, sse4a, sse4.1, sse4.2, popcnt, lzcnt, tsc, tscinvbit, avx, avx2, aes, clmul, bmi1, bmi2, adx, sha, fma, vzeroupper, clflush, clflushopt, hv, rdtscp, rdpid, f16c
Processor Information for all 8 processors :
  Max Mhz: 2401, Current Mhz: 2401, Mhz Limit: 2401

Memory: 4k page, system-wide physical 7418M (492M free)
TotalPageFile size 29946M (AvailPageFile size 1574M)
current process WorkingSet (physical memory assigned to process): 1366M, peak: 1386M
current process commit charge ("private bytes"): 1920M, peak: 4153M

vm_info: Java HotSpot(TM) 64-Bit Server VM (21.0.11+9-LTS-211) for windows-amd64 JRE (21.0.11+9-LTS-211), built on 2026-03-11T00:23:15Z by "mach5run" with MS VC++ 17.13 (VS2022)

END.
